BedroomAbvGr,FullBath,LotArea,GarageCars,CentralAir,Id,SalePrice
2.0,1.0,11622.0,1.0,1.0,1461,144374.03
3.0,1.0,14267.0,1.0,1.0,1462,138480.38
3.0,2.0,13830.0,2.0,1.0,1463,191370.72
3.0,2.0,9978.0,2.0,1.0,1464,172397.64
2.0,2.0,5005.0,2.0,1.0,1465,201720.4
3.0,2.0,10000.0,2.0,1.0,1466,183424.14
3.0,2.0,7980.0,2.0,1.0,1467,190127.47
3.0,2.0,8402.0,2.0,1.0,1468,196361.19
2.0,1.0,10176.0,2.0,1.0,1469,139266.03
2.0,1.0,8400.0,2.0,1.0,1470,124633.43
2.0,2.0,5858.0,2.0,1.0,1471,186472.23
2.0,1.0,1680.0,1.0,1.0,1472,93982.234
3.0,1.0,1680.0,1.0,1.0,1473,102375.41
3.0,2.0,2280.0,2.0,1.0,1474,157205.34
2.0,1.0,2280.0,1.0,1.0,1475,104191.05
3.0,2.0,12858.0,3.0,1.0,1476,309928.84
3.0,2.0,12883.0,3.0,1.0,1477,309928.84
3.0,2.0,11520.0,3.0,1.0,1478,306982.4
3.0,2.0,14122.0,3.0,1.0,1479,292238.28
3.0,2.0,14300.0,3.0,1.0,1480,284852.03
3.0,2.0,13650.0,3.0,1.0,1481,354370.38
2.0,2.0,7132.0,2.0,1.0,1482,190719.03
3.0,2.0,18494.0,2.0,1.0,1483,164731.17
2.0,2.0,3203.0,2.0,1.0,1484,186772.88
3.0,2.0,13300.0,2.0,1.0,1485,215863.92
3.0,2.0,8577.0,2.0,1.0,1486,170884.78
4.0,2.0,17433.0,3.0,1.0,1487,479102.47
2.0,2.0,8987.0,3.0,1.0,1488,233256.08
2.0,2.0,9215.0,2.0,1.0,1489,223155.1
2.0,2.0,10440.0,2.0,1.0,1490,169313.02
3.0,2.0,11920.0,2.0,1.0,1491,134524.34
2.0,1.0,9800.0,1.0,0.0,1492,94552.17
3.0,2.0,15410.0,2.0,1.0,1493,203712.06
4.0,2.0,13143.0,3.0,1.0,1494,261678.1
4.0,2.0,11134.0,3.0,1.0,1495,264345.22
2.0,2.0,4835.0,2.0,1.0,1496,161481.52
2.0,2.0,3515.0,2.0,1.0,1497,186772.88
2.0,2.0,3215.0,2.0,1.0,1498,186772.88
2.0,2.0,2544.0,2.0,1.0,1499,160456.39
2.0,2.0,2544.0,2.0,1.0,1500,160456.39
2.0,2.0,2980.0,2.0,1.0,1501,176636.75
2.0,2.0,2403.0,2.0,1.0,1502,161910.62
1.0,1.0,12853.0,3.0,1.0,1503,402295.94
3.0,2.0,7379.0,2.0,1.0,1504,192239.94
3.0,2.0,8000.0,2.0,1.0,1505,190127.47
4.0,2.0,10456.0,2.0,1.0,1506,203587.45
4.0,2.0,10791.0,2.0,1.0,1507,209421.34
3.0,3.0,18837.0,2.0,1.0,1508,242085.33
4.0,1.0,9600.0,2.0,1.0,1509,195253.34
3.0,1.0,9600.0,2.0,1.0,1510,159711.78
3.0,1.0,9900.0,2.0,1.0,1511,145718.86
3.0,2.0,9680.0,2.0,1.0,1512,174995.08
3.0,2.0,10600.0,2.0,1.0,1513,247686.4
6.0,2.0,13260.0,0.0,1.0,1514,149858.88
3.0,2.0,9724.0,2.0,1.0,1515,174995.08
3.0,2.0,17360.0,2.0,1.0,1516,190823.81
2.0,1.0,11380.0,1.0,1.0,1517,127934.25
4.0,2.0,8267.0,2.0,1.0,1518,160413.11
3.0,2.0,8197.0,2.0,1.0,1519,190117.31
3.0,1.0,8050.0,1.0,1.0,1520,126706.31
3.0,1.0,10725.0,1.0,1.0,1521,130353.66
3.0,1.0,10032.0,2.0,1.0,1522,169704.9
3.0,1.0,8382.0,1.0,1.0,1523,93812.28
2.0,1.0,10950.0,1.0,1.0,1524,153072.62
3.0,1.0,10895.0,1.0,1.0,1525,154806.17
2.0,1.0,13587.0,1.0,1.0,1526,123172.98
2.0,1.0,7898.0,2.0,1.0,1527,138874.5
3.0,1.0,8064.0,1.0,1.0,1528,126706.31
3.0,1.0,7635.0,2.0,1.0,1529,137487.2
2.0,1.0,9760.0,2.0,1.0,1530,139477.47
3.0,1.0,4800.0,1.0,1.0,1531,118585.32
2.0,1.0,4485.0,0.0,1.0,1532,78813.17
3.0,1.0,5805.0,2.0,1.0,1533,130258.94
3.0,1.0,6900.0,1.0,1.0,1534,127366.984
3.0,1.0,11851.0,1.0,1.0,1535,151094.98
3.0,1.0,8239.0,1.0,1.0,1536,125686.266
2.0,1.0,9656.0,2.0,0.0,1537,95044.25
3.0,2.0,9600.0,1.0,0.0,1538,106712.95
3.0,3.0,9000.0,2.0,1.0,1539,199799.88
4.0,2.0,9045.0,0.0,0.0,1540,135125.38
2.0,1.0,10560.0,2.0,1.0,1541,135637.44
3.0,1.0,5830.0,1.0,1.0,1542,126278.32
3.0,1.0,7793.0,1.0,0.0,1543,91563.73
2.0,1.0,5000.0,1.0,0.0,1544,78586.805
2.0,1.0,6000.0,1.0,1.0,1545,108270.49
3.0,1.0,6000.0,2.0,1.0,1546,127760.56
3.0,1.0,6360.0,1.0,1.0,1547,130053.305
3.0,1.0,6000.0,1.0,1.0,1548,116748.74
2.0,1.0,6240.0,2.0,1.0,1549,112294.27
4.0,2.0,6240.0,2.0,1.0,1550,149682.56
2.0,1.0,6120.0,1.0,1.0,1551,105673.984
4.0,1.0,8094.0,2.0,1.0,1552,134842.05
3.0,1.0,12900.0,0.0,1.0,1553,111844.22
3.0,1.0,3068.0,1.0,1.0,1554,133415.56
3.0,2.0,15263.0,1.0,1.0,1555,156094.89
3.0,1.0,10632.0,1.0,0.0,1556,99577.59
3.0,1.0,9900.0,0.0,0.0,1557,120776.055
3.0,1.0,6001.0,1.0,0.0,1558,88657.86
4.0,1.0,6449.0,0.0,0.0,1559,127294.24
2.0,2.0,6048.0,2.0,1.0,1560,146197.33
4.0,2.0,10773.0,0.0,0.0,1561,114211.83
3.0,1.0,7800.0,1.0,1.0,1562,125901.805
2.0,1.0,7832.0,1.0,1.0,1563,115765.31
3.0,1.0,7424.0,2.0,1.0,1564,146660.03
4.0,1.0,11227.0,2.0,1.0,1565,171815.45
1.0,1.0,20062.0,2.0,1.0,1566,207739.38
2.0,1.0,9259.0,2.0,0.0,1567,95383.91
4.0,2.0,17082.0,2.0,1.0,1568,212526.62
4.0,2.0,18600.0,1.0,1.0,1569,117313.28
3.0,1.0,11479.0,1.0,1.0,1570,134137.47
3.0,1.0,9350.0,1.0,1.0,1571,126172.38
3.0,1.0,9525.0,1.0,1.0,1572,123836.09
1.0,1.0,17485.0,2.0,1.0,1573,213589.81
3.0,2.0,11200.0,2.0,1.0,1574,191464.02
1.0,1.0,11980.0,2.0,1.0,1575,206483.98
3.0,2.0,12361.0,4.0,1.0,1576,306445.1
2.0,2.0,7360.0,2.0,1.0,1577,197980.08
3.0,2.0,14235.0,2.0,1.0,1578,203227.55
2.0,1.0,11105.0,2.0,1.0,1579,147978.44
3.0,2.0,9337.0,2.0,1.0,1580,194452.47
3.0,1.0,15240.0,1.0,1.0,1581,137150.44
3.0,1.0,7480.0,2.0,1.0,1582,146660.03
3.0,2.0,10389.0,3.0,1.0,1583,247101.56
4.0,2.0,9375.0,2.0,1.0,1584,243430.94
1.0,1.0,4435.0,2.0,1.0,1585,136562.67
2.0,1.0,8777.0,1.0,0.0,1586,99120.875
3.0,1.0,8842.0,1.0,1.0,1587,146456.9
3.0,1.0,10044.0,1.0,1.0,1588,144681.73
2.0,1.0,11792.0,2.0,0.0,1589,172815.36
3.0,1.0,6305.0,1.0,1.0,1590,130053.305
3.0,1.0,6410.0,0.0,1.0,1591,130037.66
2.0,2.0,4853.0,1.0,0.0,1592,72488.37
2.0,1.0,7890.0,2.0,1.0,1593,136327.9
6.0,3.0,7200.0,0.0,1.0,1594,175124.83
3.0,1.0,9839.0,0.0,1.0,1595,104138.62
4.0,1.0,10452.0,1.0,1.0,1596,137784.69
5.0,2.0,15600.0,2.0,1.0,1597,198145.17
3.0,2.0,19645.0,2.0,1.0,1598,210408.03
1.0,1.0,3907.0,2.0,1.0,1599,185274.0
2.0,2.0,3907.0,2.0,1.0,1600,194261.14
1.0,1.0,8154.0,1.0,1.0,1601,117163.58
2.0,1.0,9140.0,1.0,1.0,1602,115697.79
3.0,1.0,8712.0,1.0,1.0,1603,134789.4
2.0,2.0,3811.0,2.0,1.0,1604,194261.14
3.0,2.0,11050.0,3.0,1.0,1605,270973.8
3.0,2.0,9620.0,2.0,1.0,1606,179301.77
5.0,3.0,12760.0,2.0,1.0,1607,306191.1
3.0,2.0,11896.0,3.0,1.0,1608,302131.94
2.0,2.0,9803.0,2.0,1.0,1609,170419.95
3.0,2.0,9802.0,2.0,1.0,1610,197439.98
2.0,1.0,15300.0,2.0,1.0,1611,190393.75
3.0,2.0,10114.0,2.0,1.0,1612,189895.5
3.0,2.0,11875.0,2.0,1.0,1613,196510.72
2.0,1.0,2394.0,1.0,1.0,1614,102479.22
3.0,1.0,1476.0,0.0,1.0,1615,96899.49
3.0,1.0,1900.0,0.0,1.0,1616,85844.78
3.0,1.0,1890.0,1.0,1.0,1617,96641.914
3.0,1.0,6953.0,1.0,1.0,1618,126891.16
2.0,1.0,12887.0,2.0,1.0,1619,154570.53
4.0,4.0,7700.0,2.0,1.0,1620,198853.55
3.0,1.0,10475.0,2.0,1.0,1621,136727.4
5.0,2.0,10544.0,1.0,1.0,1622,167855.14
3.0,2.0,9892.0,2.0,1.0,1623,187668.58
3.0,2.0,12961.0,2.0,1.0,1624,200008.8
2.0,1.0,13008.0,1.0,1.0,1625,156962.39
4.0,2.0,10200.0,2.0,1.0,1626,207206.28
3.0,2.0,10179.0,2.0,1.0,1627,198959.27
4.0,2.0,11792.0,3.0,1.0,1628,296520.22
3.0,2.0,8400.0,2.0,1.0,1629,196361.19
1.0,2.0,7296.0,2.0,1.0,1630,260342.12
2.0,2.0,7380.0,2.0,1.0,1631,197980.08
2.0,2.0,8013.0,2.0,1.0,1632,190804.11
3.0,2.0,8923.0,2.0,1.0,1633,185047.28
3.0,2.0,7500.0,2.0,1.0,1634,192556.45
3.0,2.0,8803.0,2.0,1.0,1635,181204.22
3.0,2.0,7250.0,2.0,1.0,1636,243136.97
3.0,2.0,11900.0,2.0,1.0,1637,134524.34
4.0,2.0,13250.0,2.0,1.0,1638,230001.6
3.0,2.0,10928.0,2.0,1.0,1639,248001.06
4.0,2.0,12388.0,2.0,1.0,1640,207814.1
3.0,2.0,11088.0,2.0,1.0,1641,168613.12
3.0,2.0,7000.0,2.0,1.0,1642,171937.28
3.0,2.0,7500.0,2.0,1.0,1643,192556.45
3.0,2.0,8470.0,2.0,1.0,1644,199099.75
3.0,2.0,9373.0,2.0,1.0,1645,217131.55
3.0,2.0,10140.0,2.0,1.0,1646,196115.77
3.0,2.0,11050.0,2.0,1.0,1647,168613.12
2.0,1.0,7830.0,2.0,1.0,1648,133123.81
3.0,1.0,8510.0,1.0,1.0,1649,129746.97
3.0,1.0,7038.0,2.0,1.0,1650,150604.8
3.0,1.0,9000.0,2.0,1.0,1651,139312.95
2.0,1.0,1680.0,1.0,1.0,1652,93982.234
2.0,1.0,1680.0,1.0,1.0,1653,93982.234
3.0,2.0,2308.0,2.0,1.0,1654,147206.0
2.0,2.0,2280.0,2.0,1.0,1655,170650.45
3.0,2.0,2349.0,2.0,1.0,1656,147206.0
3.0,2.0,2364.0,2.0,1.0,1657,147206.0
3.0,2.0,2364.0,2.0,1.0,1658,147206.0
2.0,1.0,2104.0,1.0,1.0,1659,84533.836
3.0,1.0,10710.0,2.0,1.0,1660,151654.23
4.0,3.0,14257.0,3.0,1.0,1661,338196.1
3.0,2.0,12350.0,3.0,1.0,1662,306306.88
3.0,2.0,12350.0,3.0,1.0,1663,306306.88
2.0,2.0,13693.0,3.0,1.0,1664,307699.1
3.0,2.0,11578.0,3.0,1.0,1665,306982.4
3.0,2.0,16870.0,3.0,1.0,1666,319453.53
5.0,2.0,23303.0,3.0,1.0,1667,397012.62
3.0,2.0,10367.0,3.0,1.0,1668,247101.56
2.0,2.0,10872.0,3.0,1.0,1669,398202.72
3.0,2.0,13514.0,3.0,1.0,1670,324518.88
3.0,2.0,12878.0,2.0,1.0,1671,200008.8
3.0,2.0,15274.0,3.0,1.0,1672,324833.7
4.0,3.0,13262.0,3.0,1.0,1673,333719.12
3.0,2.0,9658.0,3.0,1.0,1674,248131.47
2.0,2.0,6904.0,2.0,1.0,1675,164773.14
1.0,2.0,5122.0,2.0,1.0,1676,243941.78
2.0,2.0,10307.0,2.0,1.0,1677,178442.95
2.0,2.0,14836.0,3.0,1.0,1678,377459.5
3.0,2.0,15262.0,3.0,1.0,1679,324833.7
2.0,2.0,7390.0,2.0,1.0,1680,197980.08
2.0,2.0,6472.0,2.0,1.0,1681,201202.94
3.0,2.0,16770.0,3.0,1.0,1682,319453.53
2.0,2.0,3480.0,2.0,1.0,1683,186772.88
3.0,2.0,10928.0,2.0,1.0,1684,248001.06
3.0,2.0,8918.0,2.0,1.0,1685,185047.28
2.0,2.0,3182.0,2.0,1.0,1686,173755.67
3.0,2.0,9434.0,2.0,1.0,1687,226832.0
3.0,2.0,7984.0,2.0,1.0,1688,190127.47
3.0,2.0,10125.0,2.0,1.0,1689,189895.5
3.0,2.0,8965.0,2.0,1.0,1690,186465.9
3.0,2.0,8174.0,2.0,1.0,1691,192321.53
4.0,2.0,12891.0,3.0,1.0,1692,304782.4
3.0,2.0,9734.0,2.0,1.0,1693,174995.08
3.0,2.0,8433.0,2.0,1.0,1694,192381.17
3.0,2.0,7750.0,2.0,1.0,1695,176451.66
4.0,2.0,15896.0,3.0,1.0,1696,475078.94
3.0,2.0,7848.0,2.0,1.0,1697,182198.66
4.0,2.0,12720.0,3.0,1.0,1698,282686.28
3.0,2.0,10750.0,3.0,1.0,1699,289989.47
3.0,2.0,9085.0,2.0,1.0,1700,183788.06
3.0,2.0,11692.0,2.0,1.0,1701,191434.94
3.0,2.0,11194.0,3.0,1.0,1702,268961.06
3.0,2.0,10206.0,3.0,1.0,1703,268917.44
3.0,2.0,10130.0,3.0,1.0,1704,315032.06
3.0,2.0,9139.0,2.0,1.0,1705,207253.92
2.0,2.0,11128.0,3.0,1.0,1706,325696.8
3.0,2.0,7993.0,2.0,1.0,1707,190127.47
3.0,2.0,8640.0,2.0,1.0,1708,213459.48
3.0,2.0,12606.0,3.0,1.0,1709,311184.06
2.0,2.0,7500.0,2.0,1.0,1710,196557.39
3.0,2.0,10603.0,3.0,1.0,1711,222489.53
3.0,2.0,8125.0,2.0,1.0,1712,192321.53
3.0,2.0,10625.0,3.0,1.0,1713,267225.53
3.0,2.0,8736.0,2.0,1.0,1714,170350.38
3.0,2.0,8127.0,2.0,1.0,1715,192321.53
3.0,1.0,9605.0,2.0,1.0,1716,159711.78
3.0,1.0,7500.0,2.0,1.0,1717,155685.89
3.0,1.0,7500.0,0.0,1.0,1718,140888.56
3.0,2.0,10628.0,2.0,1.0,1719,194464.06
3.0,2.0,10141.0,3.0,1.0,1720,333187.03
3.0,1.0,13072.0,2.0,1.0,1721,152498.28
3.0,1.0,13072.0,0.0,1.0,1722,111844.22
3.0,2.0,12450.0,2.0,1.0,1723,217769.7
2.0,2.0,7328.0,3.0,1.0,1724,210818.83
4.0,2.0,11492.0,2.0,1.0,1725,118158.28
3.0,2.0,7703.0,2.0,1.0,1726,174024.42
2.0,2.0,7175.0,2.0,1.0,1727,189428.8
3.0,2.0,9109.0,2.0,1.0,1728,194858.98
3.0,2.0,10274.0,2.0,1.0,1729,191930.52
4.0,2.0,8250.0,2.0,1.0,1730,160413.11
3.0,1.0,9750.0,2.0,1.0,1731,152546.19
3.0,1.0,8499.0,2.0,1.0,1732,140756.34
2.0,1.0,9079.0,1.0,1.0,1733,111236.62
3.0,2.0,9316.0,1.0,1.0,1734,152167.36
3.0,1.0,7791.0,1.0,1.0,1735,134203.16
3.0,1.0,7150.0,1.0,1.0,1736,114028.016
2.0,2.0,15676.0,3.0,1.0,1737,491883.1
3.0,2.0,11949.0,2.0,1.0,1738,178558.39
3.0,2.0,2880.0,3.0,1.0,1739,176986.83
2.0,2.0,3830.0,2.0,1.0,1740,194261.14
1.0,1.0,4217.0,2.0,1.0,1741,140603.22
2.0,2.0,2998.0,2.0,1.0,1742,176636.75
3.0,2.0,3768.0,2.0,1.0,1743,154455.81
2.0,2.0,14694.0,2.0,1.0,1744,197649.61
2.0,1.0,15417.0,2.0,1.0,1745,190393.75
4.0,2.0,9600.0,2.0,1.0,1746,232977.05
3.0,2.0,12732.0,2.0,1.0,1747,185952.56
5.0,2.0,10400.0,2.0,1.0,1748,241596.31
3.0,2.0,9600.0,2.0,1.0,1749,179301.77
3.0,1.0,9000.0,1.0,1.0,1750,128570.3
4.0,1.0,13774.0,2.0,1.0,1751,193417.84
2.0,1.0,7130.0,1.0,1.0,1752,121570.875
3.0,1.0,9600.0,2.0,1.0,1753,159711.78
4.0,2.0,9600.0,2.0,1.0,1754,232977.05
3.0,2.0,16500.0,2.0,1.0,1755,211404.92
2.0,1.0,7436.0,2.0,1.0,1756,136938.6
3.0,1.0,8125.0,1.0,1.0,1757,132130.44
3.0,1.0,9450.0,3.0,1.0,1758,131138.2
3.0,2.0,13495.0,2.0,1.0,1759,203302.5
3.0,1.0,9350.0,2.0,1.0,1760,175054.23
3.0,1.0,10500.0,2.0,1.0,1761,134252.06
4.0,2.0,8970.0,2.0,1.0,1762,209209.25
4.0,1.0,11475.0,2.0,1.0,1763,124002.0
2.0,1.0,9768.0,1.0,1.0,1764,128788.43
2.0,1.0,9900.0,2.0,1.0,1765,135320.6
3.0,2.0,10573.0,2.0,1.0,1766,260300.66
2.0,2.0,14695.0,2.0,1.0,1767,197649.61
3.0,1.0,8760.0,1.0,1.0,1768,137491.12
3.0,1.0,12285.0,2.0,1.0,1769,141453.42
3.0,2.0,9240.0,1.0,1.0,1770,169694.89
3.0,1.0,8750.0,1.0,1.0,1771,162567.14
3.0,1.0,8750.0,1.0,1.0,1772,162567.14
3.0,1.0,10400.0,1.0,1.0,1773,131044.89
4.0,2.0,9482.0,2.0,1.0,1774,224571.39
3.0,1.0,8128.0,1.0,1.0,1775,132130.44
2.0,1.0,13070.0,2.0,1.0,1776,155159.6
2.0,1.0,8480.0,1.0,1.0,1777,112534.67
2.0,1.0,7626.0,1.0,1.0,1778,121452.22
2.0,1.0,9533.0,1.0,1.0,1779,140315.66
3.0,1.0,11419.0,2.0,1.0,1780,176385.39
3.0,1.0,9600.0,1.0,1.0,1781,134902.05
2.0,1.0,5470.0,1.0,1.0,1782,111829.87
4.0,2.0,10800.0,2.0,1.0,1783,208284.14
2.0,1.0,8146.0,1.0,1.0,1784,113186.234
3.0,1.0,10230.0,1.0,1.0,1785,121383.54
3.0,2.0,10410.0,2.0,1.0,1786,180201.67
4.0,2.0,7200.0,2.0,1.0,1787,159873.25
2.0,1.0,5400.0,0.0,0.0,1788,49408.57
2.0,1.0,10800.0,2.0,0.0,1789,150062.44
1.0,1.0,10800.0,1.0,1.0,1790,201461.12
6.0,2.0,9671.0,3.0,1.0,1791,205857.2
3.0,1.0,10143.0,1.0,1.0,1792,134350.22
3.0,1.0,11500.0,2.0,1.0,1793,148478.89
2.0,1.0,8010.0,2.0,1.0,1794,139181.0
3.0,1.0,10454.0,1.0,1.0,1795,131044.89
2.0,1.0,9000.0,1.0,1.0,1796,122119.7
3.0,1.0,8064.0,2.0,0.0,1797,107609.04
3.0,1.0,7350.0,1.0,1.0,1798,141433.1
2.0,1.0,7200.0,1.0,1.0,1799,120215.12
3.0,1.0,8000.0,1.0,1.0,1800,127457.64
4.0,2.0,10800.0,1.0,1.0,1801,152394.5
3.0,1.0,8064.0,2.0,1.0,1802,139572.62
4.0,1.0,7570.0,2.0,1.0,1803,129087.61
2.0,1.0,8604.0,2.0,1.0,1804,134681.66
3.0,1.0,7936.0,1.0,1.0,1805,127457.64
3.0,1.0,4080.0,1.0,1.0,1806,133707.05
4.0,2.0,10307.0,2.0,0.0,1807,140117.66
3.0,1.0,15660.0,2.0,1.0,1808,156996.22
3.0,2.0,9900.0,0.0,1.0,1809,130030.75
3.0,1.0,6406.0,2.0,1.0,1810,138677.86
4.0,2.0,7627.0,0.0,0.0,1811,94445.016
3.0,1.0,10134.0,0.0,0.0,1812,120615.78
3.0,1.0,6000.0,1.0,1.0,1813,116748.74
2.0,1.0,7404.0,2.0,1.0,1814,140714.9
1.0,1.0,5925.0,1.0,0.0,1815,63348.414
2.0,1.0,8520.0,1.0,1.0,1816,100189.15
3.0,2.0,9600.0,2.0,1.0,1817,179301.77
3.0,2.0,8400.0,1.0,1.0,1818,158643.62
3.0,1.0,3600.0,1.0,1.0,1819,128364.2
2.0,1.0,3300.0,0.0,1.0,1820,102388.445
3.0,1.0,5400.0,1.0,1.0,1821,128540.74
4.0,1.0,9720.0,3.0,1.0,1822,160855.38
2.0,1.0,9392.0,0.0,0.0,1823,80521.76
3.0,1.0,6615.0,1.0,0.0,1824,104004.28
3.0,2.0,4960.0,1.0,1.0,1825,119653.195
3.0,1.0,6000.0,1.0,1.0,1826,116748.74
2.0,1.0,6120.0,1.0,1.0,1827,105673.984
3.0,2.0,6120.0,1.0,1.0,1828,102703.61
2.0,1.0,8635.0,5.0,1.0,1829,133583.02
3.0,2.0,8094.0,2.0,1.0,1830,183179.67
3.0,2.0,9928.0,1.0,1.0,1831,160716.73
4.0,2.0,3000.0,0.0,0.0,1832,114948.8
4.0,2.0,6876.0,1.0,1.0,1833,132302.7
3.0,1.0,5775.0,1.0,1.0,1834,124961.32
6.0,2.0,5852.0,0.0,0.0,1835,127143.2
3.0,1.0,5160.0,1.0,1.0,1836,145477.83
1.0,1.0,5160.0,0.0,1.0,1837,77146.01
3.0,1.0,10320.0,1.0,1.0,1838,130541.46
2.0,1.0,4280.0,1.0,1.0,1839,109197.836
3.0,3.0,10800.0,0.0,1.0,1840,171123.19
2.0,2.0,10547.0,1.0,1.0,1841,150311.48
4.0,2.0,9780.0,1.0,0.0,1842,117478.46
3.0,1.0,11625.0,1.0,1.0,1843,130903.42
3.0,1.0,8014.0,2.0,1.0,1844,142399.3
4.0,2.0,15400.0,1.0,1.0,1845,173715.02
3.0,1.0,15312.0,2.0,1.0,1846,152016.98
4.0,1.0,15584.0,1.0,1.0,1847,149707.56
2.0,1.0,9000.0,0.0,0.0,1848,64054.12
2.0,1.0,15635.0,2.0,1.0,1849,186853.55
2.0,1.0,9571.0,1.0,1.0,1850,123543.62
3.0,1.0,9350.0,1.0,1.0,1851,126172.38
3.0,1.0,7440.0,1.0,1.0,1852,137636.03
2.0,2.0,4235.0,1.0,1.0,1853,103724.74
1.0,1.0,10778.0,2.0,1.0,1854,212069.38
2.0,1.0,19255.0,2.0,1.0,1855,188648.14
3.0,2.0,10560.0,2.0,1.0,1856,260300.66
4.0,1.0,26400.0,2.0,1.0,1857,225266.39
6.0,2.0,7018.0,2.0,1.0,1858,137750.9
4.0,2.0,7018.0,2.0,1.0,1859,139362.86
2.0,0.0,7040.0,2.0,1.0,1860,152083.44
4.0,2.0,7007.0,2.0,1.0,1861,148592.38
6.0,4.0,11855.0,4.0,1.0,1862,254987.58
6.0,4.0,7939.0,4.0,1.0,1863,189181.22
6.0,4.0,7976.0,4.0,1.0,1864,189181.22
1.0,1.0,10933.0,3.0,1.0,1865,346389.47
3.0,2.0,10816.0,3.0,1.0,1866,301122.8
3.0,2.0,9178.0,3.0,1.0,1867,305847.9
3.0,2.0,11422.0,2.0,1.0,1868,222115.08
2.0,2.0,6762.0,2.0,1.0,1869,200982.12
2.0,2.0,10324.0,3.0,1.0,1870,274778.75
3.0,2.0,11645.0,3.0,1.0,1871,305605.22
3.0,2.0,11646.0,2.0,1.0,1872,191434.94
3.0,2.0,16698.0,2.0,1.0,1873,207926.22
3.0,1.0,9757.0,1.0,1.0,1874,130424.586
3.0,2.0,14753.0,2.0,1.0,1875,193778.4
3.0,2.0,8750.0,2.0,1.0,1876,201189.19
3.0,2.0,10739.0,2.0,1.0,1877,207597.14
3.0,2.0,11166.0,2.0,1.0,1878,207374.34
3.0,1.0,16269.0,1.0,1.0,1879,152741.64
2.0,1.0,6950.0,2.0,1.0,1880,111645.37
3.0,2.0,11664.0,3.0,1.0,1881,305605.22
4.0,2.0,12334.0,2.0,1.0,1882,207814.1
3.0,2.0,8749.0,2.0,1.0,1883,194321.42
3.0,2.0,11250.0,2.0,1.0,1884,200768.44
2.0,2.0,15750.0,2.0,1.0,1885,241521.89
3.0,2.0,12782.0,2.0,1.0,1886,185952.56
3.0,2.0,8750.0,2.0,1.0,1887,201189.19
3.0,2.0,10200.0,3.0,1.0,1888,268917.44
3.0,2.0,11069.0,2.0,1.0,1889,168613.12
3.0,1.0,10682.0,1.0,1.0,1890,132721.36
2.0,1.0,3675.0,2.0,1.0,1891,150116.86
3.0,1.0,6410.0,1.0,1.0,1892,132200.06
3.0,1.0,11767.0,1.0,1.0,1893,134909.06
6.0,2.0,10926.0,0.0,1.0,1894,149588.34
2.0,1.0,11767.0,1.0,1.0,1895,136627.05
3.0,1.0,8212.0,1.0,1.0,1896,125686.266
3.0,1.0,6300.0,1.0,1.0,1897,130053.305
3.0,1.0,5707.0,1.0,1.0,1898,124961.32
3.0,1.0,8574.0,2.0,1.0,1899,143804.31
3.0,1.0,7155.0,1.0,1.0,1900,114028.016
2.0,1.0,13680.0,2.0,1.0,1901,135002.8
2.0,1.0,14680.0,1.0,1.0,1902,153146.16
5.0,2.0,8145.0,2.0,1.0,1903,147565.22
2.0,1.0,9100.0,1.0,1.0,1904,117800.74
3.0,2.0,13339.0,2.0,1.0,1905,215863.92
3.0,2.0,15600.0,1.0,0.0,1906,113608.805
3.0,1.0,17500.0,2.0,1.0,1907,147274.05
2.0,1.0,1733.0,2.0,1.0,1908,125263.31
2.0,1.0,1488.0,2.0,1.0,1909,123056.4
2.0,1.0,1612.0,2.0,1.0,1910,123056.4
3.0,2.0,13607.0,2.0,1.0,1911,182532.98
3.0,2.0,17597.0,2.0,1.0,1912,231904.55
5.0,2.0,8660.0,2.0,0.0,1913,175436.94
2.0,1.0,10200.0,1.0,0.0,1914,83769.95
2.0,2.0,3843.0,2.0,1.0,1915,194261.14
1.0,1.0,21780.0,1.0,0.0,1916,104386.54
3.0,2.0,10125.0,3.0,1.0,1917,315032.06
2.0,1.0,9750.0,1.0,1.0,1918,130889.2
2.0,1.0,9360.0,2.0,1.0,1919,180807.95
2.0,2.0,11070.0,2.0,1.0,1920,203276.69
3.0,2.0,13438.0,3.0,1.0,1921,355798.75
3.0,2.0,14463.0,3.0,1.0,1922,317560.6
3.0,2.0,9839.0,2.0,1.0,1923,187668.58
3.0,2.0,14419.0,2.0,1.0,1924,222702.2
3.0,2.0,9157.0,2.0,1.0,1925,207253.92
2.0,2.0,12633.0,3.0,1.0,1926,344755.25
3.0,1.0,12518.0,1.0,1.0,1927,124915.91
3.0,2.0,13383.0,2.0,1.0,1928,203302.5
2.0,1.0,7689.0,1.0,1.0,1929,120140.99
2.0,1.0,7706.0,1.0,1.0,1930,111649.14
2.0,1.0,7669.0,2.0,1.0,1931,148383.7
3.0,1.0,10429.0,2.0,1.0,1932,138165.55
4.0,1.0,10457.0,2.0,1.0,1933,162425.75
3.0,2.0,8702.0,2.0,1.0,1934,170350.38
3.0,2.0,8139.0,2.0,1.0,1935,192321.53
3.0,2.0,9535.0,2.0,1.0,1936,220117.75
3.0,2.0,15038.0,2.0,1.0,1937,209878.88
3.0,2.0,14137.0,2.0,1.0,1938,207045.45
1.0,1.0,6264.0,2.0,1.0,1939,144539.66
2.0,2.0,5070.0,2.0,1.0,1940,201720.4
3.0,2.0,11184.0,2.0,1.0,1941,204336.8
3.0,2.0,14067.0,2.0,1.0,1942,262032.16
2.0,2.0,5950.0,2.0,1.0,1943,156663.58
5.0,3.0,13543.0,3.0,1.0,1944,336038.28
2.0,2.0,15401.0,3.0,1.0,1945,493521.47
3.0,1.0,31220.0,2.0,1.0,1946,198524.19
2.0,2.0,8118.0,2.0,1.0,1947,304608.16
3.0,2.0,47280.0,2.0,1.0,1948,224216.61
2.0,2.0,12680.0,2.0,1.0,1949,201993.84
3.0,2.0,10825.0,2.0,1.0,1950,194082.53
3.0,2.0,18559.0,2.0,1.0,1951,164731.17
3.0,2.0,14450.0,2.0,1.0,1952,222702.2
3.0,2.0,13068.0,2.0,1.0,1953,200008.8
3.0,2.0,10400.0,2.0,1.0,1954,180201.67
3.0,1.0,9743.0,2.0,1.0,1955,152572.61
4.0,2.0,12511.0,4.0,1.0,1956,328044.88
2.0,2.0,10400.0,2.0,1.0,1957,189027.83
4.0,2.0,14311.0,3.0,1.0,1958,251337.61
4.0,2.0,9000.0,2.0,1.0,1959,298150.9
2.0,1.0,10295.0,1.0,1.0,1960,125384.21
3.0,1.0,7560.0,2.0,1.0,1961,157080.23
2.0,1.0,1680.0,1.0,1.0,1962,93982.234
2.0,1.0,1890.0,1.0,1.0,1963,84533.836
3.0,2.0,1680.0,1.0,1.0,1964,112380.375
4.0,2.0,2308.0,2.0,1.0,1965,138495.64
2.0,2.0,2529.0,2.0,1.0,1966,160456.39
3.0,2.0,12704.0,3.0,1.0,1967,287431.1
4.0,2.0,13693.0,3.0,1.0,1968,244170.86
2.0,2.0,14418.0,3.0,1.0,1969,378277.38
4.0,2.0,13418.0,3.0,1.0,1970,265764.94
4.0,2.0,12539.0,4.0,1.0,1971,267172.22
3.0,2.0,12151.0,3.0,1.0,1972,352363.25
4.0,2.0,8899.0,3.0,1.0,1973,139749.9
4.0,2.0,10574.0,3.0,1.0,1974,266633.75
1.0,1.0,12720.0,3.0,1.0,1975,390954.56
2.0,2.0,10845.0,3.0,1.0,1976,215628.38
4.0,2.0,16900.0,3.0,1.0,1977,417155.6
4.0,2.0,16451.0,3.0,1.0,1978,428536.38
2.0,2.0,10110.0,3.0,1.0,1979,286141.66
2.0,2.0,12304.0,2.0,1.0,1980,199904.19
2.0,2.0,8232.0,3.0,1.0,1981,208153.47
2.0,2.0,6240.0,2.0,1.0,1982,168949.97
2.0,2.0,6240.0,2.0,1.0,1983,168949.97
2.0,2.0,2448.0,2.0,1.0,1984,161910.62
2.0,2.0,3940.0,3.0,1.0,1985,177797.28
2.0,2.0,3940.0,3.0,1.0,1986,177797.28
2.0,2.0,3710.0,2.0,1.0,1987,194261.14
3.0,2.0,9024.0,2.0,1.0,1988,206977.36
3.0,2.0,8010.0,2.0,1.0,1989,203382.7
4.0,2.0,8396.0,2.0,1.0,1990,147690.61
2.0,2.0,7301.0,2.0,1.0,1991,250531.06
3.0,2.0,8220.0,2.0,1.0,1992,190117.31
3.0,2.0,7750.0,2.0,1.0,1993,176451.66
4.0,2.0,12460.0,2.0,1.0,1994,238019.22
3.0,2.0,8390.0,2.0,1.0,1995,175588.44
3.0,2.0,9660.0,2.0,1.0,1996,174995.08
4.0,2.0,11000.0,3.0,1.0,1997,269895.0
2.0,2.0,11675.0,3.0,1.0,1998,345042.1
4.0,2.0,10990.0,2.0,1.0,1999,168037.4
4.0,2.0,11929.0,3.0,1.0,2000,239056.0
4.0,2.0,10010.0,3.0,1.0,2001,254572.27
3.0,2.0,13253.0,3.0,1.0,2002,353862.25
3.0,3.0,9801.0,3.0,1.0,2003,281596.7
3.0,2.0,9428.0,3.0,1.0,2004,323828.75
3.0,2.0,10037.0,2.0,1.0,2005,215647.16
3.0,2.0,8640.0,2.0,1.0,2006,213459.48
3.0,2.0,10625.0,3.0,1.0,2007,267225.53
2.0,2.0,7500.0,2.0,1.0,2008,196557.39
3.0,2.0,10110.0,2.0,1.0,2009,189895.5
3.0,2.0,12774.0,2.0,1.0,2010,185952.56
3.0,1.0,13072.0,0.0,1.0,2011,111844.22
3.0,2.0,9260.0,2.0,1.0,2012,178431.08
3.0,2.0,8453.0,2.0,1.0,2013,192381.17
3.0,2.0,8480.0,2.0,1.0,2014,179077.06
3.0,2.0,14565.0,2.0,1.0,2015,193778.4
3.0,2.0,8450.0,2.0,1.0,2016,192381.17
3.0,2.0,8285.0,2.0,1.0,2017,175588.44
3.0,1.0,9100.0,1.0,1.0,2018,129769.32
3.0,1.0,8100.0,1.0,1.0,2019,128042.984
3.0,1.0,8450.0,1.0,0.0,2020,120682.44
3.0,1.0,6360.0,1.0,1.0,2021,130053.305
3.0,2.0,19508.0,2.0,1.0,2022,210408.03
4.0,2.0,10759.0,2.0,1.0,2023,222869.31
4.0,2.0,9205.0,2.0,1.0,2024,206849.1
4.0,2.0,11025.0,2.0,1.0,2025,224309.88
1.0,2.0,3435.0,2.0,1.0,2026,189642.88
2.0,2.0,3180.0,2.0,1.0,2027,153069.33
2.0,2.0,3180.0,2.0,1.0,2028,153069.33
3.0,2.0,2280.0,2.0,1.0,2029,157205.34
2.0,2.0,4765.0,2.0,1.0,2030,194198.28
1.0,1.0,4538.0,2.0,1.0,2031,135858.38
2.0,1.0,4385.0,2.0,1.0,2032,129786.92
2.0,2.0,4109.0,2.0,1.0,2033,165333.44
3.0,2.0,2160.0,2.0,1.0,2034,165966.39
3.0,2.0,10646.0,2.0,1.0,2035,194464.06
3.0,2.0,2645.0,2.0,1.0,2036,157823.56
3.0,2.0,2645.0,2.0,1.0,2037,157823.56
2.0,2.0,3951.0,2.0,1.0,2038,167751.97
1.0,1.0,11064.0,2.0,1.0,2039,208671.31
3.0,2.0,24572.0,3.0,1.0,2040,263004.4
3.0,3.0,16280.0,2.0,1.0,2041,210166.05
3.0,2.0,7500.0,2.0,1.0,2042,192556.45
4.0,2.0,11104.0,2.0,1.0,2043,188708.61
4.0,1.0,11050.0,2.0,1.0,2044,154723.62
4.0,2.0,15387.0,2.0,1.0,2045,247836.92
4.0,2.0,9750.0,2.0,1.0,2046,224561.72
4.0,1.0,8814.0,2.0,1.0,2047,220901.05
3.0,1.0,8125.0,2.0,1.0,2048,145593.0
6.0,2.0,11072.0,2.0,1.0,2049,127280.9
4.0,1.0,13355.0,2.0,1.0,2050,160068.84
2.0,1.0,7785.0,1.0,1.0,2051,115850.9
3.0,1.0,9900.0,2.0,1.0,2052,145718.86
3.0,1.0,11332.0,1.0,1.0,2053,129630.25
2.0,1.0,4882.0,1.0,1.0,2054,96612.72
3.0,2.0,9600.0,2.0,1.0,2055,179301.77
3.0,1.0,9600.0,1.0,1.0,2056,134902.05
3.0,1.0,7584.0,1.0,1.0,2057,137424.34
4.0,2.0,14670.0,2.0,1.0,2058,220240.83
3.0,1.0,8856.0,1.0,1.0,2059,121772.39
2.0,2.0,9840.0,1.0,1.0,2060,129117.445
3.0,1.0,13200.0,2.0,1.0,2061,170312.83
3.0,1.0,10425.0,1.0,1.0,2062,131044.89
2.0,1.0,11556.0,1.0,1.0,2063,161127.81
3.0,1.0,9373.0,2.0,1.0,2064,175054.23
2.0,1.0,12774.0,2.0,0.0,2065,127386.64
3.0,2.0,14250.0,2.0,1.0,2066,203227.55
4.0,2.0,8838.0,1.0,1.0,2067,228543.33
5.0,2.0,12436.0,2.0,1.0,2068,210014.3
1.0,1.0,10122.0,1.0,0.0,2069,71978.72
3.0,1.0,7506.0,1.0,1.0,2070,147283.34
2.0,1.0,5400.0,1.0,1.0,2071,111829.87
3.0,1.0,10836.0,4.0,1.0,2072,257916.6
3.0,1.0,10180.0,2.0,1.0,2073,153258.0
3.0,1.0,11355.0,2.0,1.0,2074,140539.98
3.0,1.0,12929.0,1.0,1.0,2075,160326.6
2.0,1.0,7200.0,2.0,1.0,2076,120409.41
3.0,1.0,8000.0,1.0,1.0,2077,127457.64
3.0,1.0,8000.0,1.0,1.0,2078,127457.64
3.0,2.0,8064.0,2.0,1.0,2079,199234.27
2.0,1.0,6390.0,1.0,1.0,2080,120868.47
4.0,1.0,7200.0,1.0,1.0,2081,157276.31
6.0,2.0,8513.0,0.0,0.0,2082,116327.32
3.0,1.0,7200.0,2.0,1.0,2083,130286.14
2.0,1.0,7200.0,1.0,1.0,2084,120215.12
3.0,1.0,7590.0,1.0,1.0,2085,153936.03
3.0,1.0,9836.0,1.0,0.0,2086,105784.6
3.0,1.0,9184.0,2.0,1.0,2087,146428.66
2.0,1.0,4800.0,1.0,0.0,2088,69861.19
2.0,1.0,4800.0,1.0,1.0,2089,96612.72
4.0,1.0,6000.0,1.0,1.0,2090,134341.8
3.0,2.0,11426.0,0.0,1.0,2091,148892.39
2.0,2.0,7628.0,2.0,1.0,2092,188304.25
2.0,1.0,7308.0,1.0,0.0,2093,75364.92
2.0,1.0,5400.0,0.0,1.0,2094,82005.86
3.0,2.0,10800.0,2.0,1.0,2095,194082.53
2.0,1.0,6756.0,1.0,0.0,2096,79104.53
3.0,1.0,5914.0,0.0,1.0,2097,82110.89
3.0,1.0,9000.0,3.0,1.0,2098,146610.1
1.0,1.0,7311.0,1.0,0.0,2099,67586.21
5.0,2.0,12205.0,0.0,1.0,2100,135003.92
4.0,2.0,9142.0,2.0,0.0,2101,153303.78
3.0,1.0,5350.0,1.0,1.0,2102,121485.72
2.0,1.0,9143.0,1.0,1.0,2103,115697.79
4.0,2.0,9600.0,2.0,1.0,2104,232977.05
3.0,1.0,6000.0,0.0,1.0,2105,99554.92
2.0,1.0,11340.0,2.0,0.0,2106,147965.22
5.0,2.0,10800.0,2.0,1.0,2107,212191.78
2.0,1.0,9750.0,1.0,1.0,2108,130889.2
2.0,1.0,8516.0,1.0,1.0,2109,100189.15
2.0,1.0,7111.0,1.0,1.0,2110,121570.875
3.0,1.0,7425.0,1.0,1.0,2111,137636.03
3.0,2.0,7010.0,1.0,1.0,2112,132878.77
3.0,1.0,5000.0,1.0,1.0,2113,125872.17
3.0,1.0,5870.0,1.0,1.0,2114,126278.32
3.0,1.0,6000.0,1.0,1.0,2115,116748.74
2.0,1.0,6000.0,2.0,1.0,2116,121257.97
3.0,2.0,6000.0,1.0,1.0,2117,102090.41
2.0,2.0,6000.0,1.0,1.0,2118,97268.516
3.0,1.0,5000.0,1.0,1.0,2119,125872.17
3.0,1.0,5520.0,1.0,1.0,2120,126917.61
2.0,1.0,5940.0,1.0,1.0,2121,111958.016
2.0,1.0,6240.0,1.0,1.0,2122,117795.36
1.0,1.0,6120.0,1.0,0.0,2123,78883.8
4.0,2.0,6240.0,2.0,1.0,2124,149682.56
4.0,2.0,6120.0,2.0,1.0,2125,122749.17
4.0,2.0,9144.0,2.0,1.0,2126,226220.34
5.0,2.0,8094.0,1.0,1.0,2127,133592.8
3.0,1.0,4347.0,1.0,1.0,2128,135901.97
1.0,1.0,6291.0,2.0,1.0,2129,144539.66
4.0,1.0,10266.0,1.0,1.0,2130,137686.77
4.0,2.0,6876.0,2.0,1.0,2131,144849.47
2.0,2.0,10320.0,2.0,1.0,2132,182643.11
2.0,1.0,7200.0,2.0,1.0,2133,120409.41
3.0,2.0,7006.0,1.0,1.0,2134,132878.77
1.0,1.0,10320.0,2.0,1.0,2135,175154.84
3.0,2.0,10320.0,0.0,0.0,2136,101988.195
3.0,1.0,9488.0,1.0,0.0,2137,108114.305
3.0,1.0,11235.0,2.0,1.0,2138,149112.31
3.0,1.0,13014.0,2.0,1.0,2139,152498.28
3.0,1.0,10265.0,1.0,1.0,2140,132990.16
3.0,1.0,7703.0,2.0,1.0,2141,127103.53
3.0,1.0,9981.0,1.0,1.0,2142,130295.68
2.0,1.0,7400.0,2.0,1.0,2143,140714.9
3.0,1.0,12900.0,2.0,1.0,2144,152498.28
3.0,1.0,9239.0,1.0,1.0,2145,125864.03
1.0,1.0,14175.0,2.0,1.0,2146,220354.23
3.0,2.0,10532.0,2.0,1.0,2147,260300.66
2.0,1.0,8375.0,3.0,1.0,2148,101931.52
3.0,1.0,10200.0,3.0,1.0,2149,139599.62
3.0,2.0,20270.0,2.0,1.0,2150,210408.03
2.0,1.0,5190.0,1.0,1.0,2151,118556.16
2.0,1.0,19550.0,0.0,1.0,2152,103503.7
3.0,1.0,9571.0,1.0,1.0,2153,107731.36
2.0,1.0,9350.0,0.0,0.0,2154,80521.76
3.0,1.0,9360.0,1.0,1.0,2155,126172.38
4.0,2.0,9771.0,2.0,1.0,2156,203480.33
3.0,2.0,9938.0,2.0,1.0,2157,198967.03
4.0,2.0,14171.0,2.0,1.0,2158,215807.78
3.0,2.0,10541.0,2.0,1.0,2159,260300.66
3.0,2.0,10616.0,2.0,1.0,2160,149101.28
3.0,2.0,9345.0,3.0,1.0,2161,287829.3
3.0,2.0,11778.0,3.0,1.0,2162,329934.97
3.0,2.0,11778.0,3.0,1.0,2163,329934.97
3.0,2.0,11454.0,3.0,1.0,2164,292328.56
2.0,2.0,11500.0,2.0,1.0,2165,234306.67
3.0,1.0,9750.0,2.0,1.0,2166,152546.19
3.0,2.0,8696.0,2.0,1.0,2167,213459.48
3.0,2.0,13142.0,2.0,1.0,2168,226209.48
3.0,2.0,8998.0,2.0,1.0,2169,186465.9
3.0,2.0,12192.0,2.0,1.0,2170,231902.83
3.0,1.0,12250.0,2.0,1.0,2171,141453.42
3.0,1.0,9216.0,2.0,1.0,2172,144603.62
2.0,2.0,14330.0,2.0,1.0,2173,286257.2
3.0,2.0,10400.0,2.0,1.0,2174,180201.67
3.0,2.0,9720.0,3.0,1.0,2175,248131.47
3.0,2.0,14860.0,3.0,1.0,2176,335031.66
4.0,2.0,10905.0,2.0,1.0,2177,217794.83
3.0,2.0,11690.0,2.0,1.0,2178,191434.94
1.0,1.0,4426.0,2.0,1.0,2179,147303.52
2.0,2.0,10126.0,3.0,1.0,2180,286141.66
3.0,2.0,9750.0,2.0,1.0,2181,207161.44
3.0,2.0,11058.0,3.0,1.0,2182,270973.8
3.0,2.0,9627.0,2.0,1.0,2183,179301.77
3.0,1.0,9825.0,1.0,1.0,2184,130939.586
3.0,1.0,12102.0,2.0,1.0,2185,161488.3
3.0,1.0,6500.0,2.0,1.0,2186,138677.86
3.0,1.0,9638.0,2.0,1.0,2187,155909.17
3.0,1.0,7200.0,2.0,1.0,2188,130286.14
5.0,3.0,47007.0,2.0,1.0,2189,255608.75
2.0,2.0,6012.0,0.0,0.0,2190,81925.125
2.0,2.0,6845.0,0.0,0.0,2191,85051.625
2.0,1.0,6931.0,0.0,0.0,2192,75660.555
2.0,1.0,12180.0,0.0,1.0,2193,101725.91
4.0,1.0,8050.0,0.0,1.0,2194,113950.27
2.0,1.0,9520.0,1.0,1.0,2195,140315.66
3.0,1.0,7692.0,1.0,1.0,2196,175660.55
3.0,1.0,5142.0,1.0,1.0,2197,145477.83
2.0,2.0,7290.0,1.0,1.0,2198,176297.42
4.0,2.0,7804.0,2.0,1.0,2199,166576.33
2.0,1.0,8969.0,1.0,1.0,2200,108282.33
3.0,1.0,15564.0,2.0,1.0,2201,152016.98
3.0,2.0,7609.0,1.0,1.0,2202,185914.45
4.0,1.0,9650.0,2.0,1.0,2203,175536.3
4.0,2.0,11700.0,1.0,1.0,2204,138834.48
3.0,1.0,9260.0,1.0,1.0,2205,136855.4
2.0,1.0,7801.0,1.0,0.0,2206,65808.76
4.0,1.0,9670.0,2.0,1.0,2207,175536.3
3.0,2.0,12392.0,2.0,1.0,2208,187879.83
3.0,2.0,26073.0,2.0,1.0,2209,239037.67
2.0,1.0,1879.0,2.0,1.0,2210,125263.31
2.0,1.0,7000.0,1.0,1.0,2211,115710.91
3.0,1.0,6000.0,1.0,1.0,2212,116748.74
4.0,1.0,8155.0,0.0,1.0,2213,93707.11
3.0,1.0,6000.0,1.0,1.0,2214,116748.74
2.0,1.0,7392.0,1.0,1.0,2215,118725.02
4.0,2.0,9000.0,1.0,1.0,2216,228184.88
2.0,1.0,14584.0,2.0,0.0,2217,146802.1
2.0,1.0,5280.0,1.0,0.0,2218,78925.27
2.0,1.0,5150.0,1.0,0.0,2219,78925.27
3.0,1.0,9000.0,1.0,1.0,2220,128570.3
2.0,2.0,3843.0,2.0,1.0,2221,194261.14
2.0,2.0,3811.0,2.0,1.0,2222,194261.14
3.0,3.0,23730.0,3.0,1.0,2223,221403.05
3.0,2.0,11050.0,3.0,1.0,2224,270973.8
4.0,2.0,10260.0,2.0,1.0,2225,206199.95
3.0,2.0,9990.0,2.0,1.0,2226,172397.64
2.0,2.0,4084.0,2.0,1.0,2227,165333.44
3.0,2.0,11563.0,3.0,1.0,2228,306982.4
3.0,2.0,12852.0,2.0,1.0,2229,200008.8
3.0,2.0,9802.0,2.0,1.0,2230,197439.98
3.0,2.0,12018.0,3.0,1.0,2231,322141.7
3.0,2.0,12890.0,2.0,1.0,2232,200008.8
3.0,2.0,18265.0,2.0,1.0,2233,164731.17
3.0,2.0,11202.0,2.0,1.0,2234,191464.02
3.0,2.0,7915.0,2.0,1.0,2235,176280.39
3.0,2.0,11449.0,2.0,1.0,2236,227888.8
3.0,2.0,11447.0,3.0,1.0,2237,292328.56
2.0,2.0,8940.0,4.0,1.0,2238,193191.4
2.0,1.0,9278.0,0.0,1.0,2239,101904.98
2.0,2.0,4500.0,2.0,1.0,2240,176920.14
3.0,1.0,14137.0,3.0,1.0,2241,190445.56
3.0,1.0,4224.0,2.0,1.0,2242,135457.6
4.0,2.0,2665.0,1.0,1.0,2243,127815.37
2.0,1.0,1974.0,1.0,1.0,2244,84533.836
1.0,1.0,1596.0,1.0,1.0,2245,83224.88
3.0,1.0,17979.0,1.0,1.0,2246,126834.39
3.0,2.0,1477.0,0.0,1.0,2247,116219.06
2.0,1.0,6490.0,1.0,1.0,2248,120868.47
3.0,1.0,6600.0,1.0,1.0,2249,133055.86
3.0,1.0,12395.0,2.0,1.0,2250,154101.53
4.0,2.0,56600.0,1.0,1.0,2251,154811.53
3.0,2.0,10667.0,2.0,1.0,2252,194464.06
3.0,2.0,8872.0,2.0,1.0,2253,184020.03
3.0,2.0,10147.0,2.0,1.0,2254,196115.77
3.0,2.0,8637.0,2.0,1.0,2255,170884.78
3.0,2.0,7875.0,2.0,1.0,2256,180047.17
5.0,3.0,7500.0,2.0,1.0,2257,143559.34
3.0,2.0,9556.0,2.0,1.0,2258,227388.02
3.0,2.0,7655.0,2.0,1.0,2259,264746.72
3.0,1.0,18160.0,2.0,1.0,2260,166655.67
2.0,2.0,4740.0,2.0,1.0,2261,194198.28
1.0,1.0,5118.0,2.0,1.0,2262,135627.8
4.0,3.0,12328.0,3.0,1.0,2263,400821.3
4.0,2.0,51974.0,3.0,1.0,2264,423215.72
3.0,1.0,41600.0,3.0,1.0,2265,154199.73
2.0,2.0,8035.0,2.0,1.0,2266,190804.11
1.0,1.0,14082.0,2.0,1.0,2267,181609.11
3.0,2.0,13870.0,3.0,1.0,2268,331713.12
3.0,2.0,10960.0,2.0,1.0,2269,248001.06
3.0,2.0,12090.0,2.0,1.0,2270,207364.45
3.0,2.0,12299.0,2.0,1.0,2271,205824.0
4.0,2.0,11339.0,2.0,1.0,2272,135619.78
3.0,2.0,11850.0,2.0,1.0,2273,228628.38
2.0,2.0,10400.0,2.0,1.0,2274,189027.83
2.0,2.0,13001.0,2.0,1.0,2275,221101.77
3.0,2.0,8991.0,2.0,1.0,2276,186465.9
4.0,2.0,8000.0,2.0,1.0,2277,176748.81
3.0,1.0,9457.0,2.0,1.0,2278,132764.66
3.0,1.0,7920.0,1.0,1.0,2279,127457.64
2.0,1.0,17199.0,1.0,1.0,2280,166083.56
2.0,2.0,4113.0,2.0,1.0,2281,165333.44
2.0,2.0,10943.0,2.0,1.0,2282,269535.53
3.0,1.0,2205.0,1.0,1.0,2283,93645.9
4.0,1.0,2058.0,1.0,1.0,2284,118096.86
2.0,2.0,2304.0,1.0,1.0,2285,108367.9
3.0,1.0,7150.0,1.0,1.0,2286,114028.016
3.0,2.0,12469.0,3.0,1.0,2287,352201.72
3.0,2.0,11825.0,3.0,1.0,2288,329934.97
2.0,2.0,14333.0,3.0,1.0,2289,378277.38
3.0,2.0,13641.0,3.0,1.0,2290,345098.28
4.0,2.0,13440.0,3.0,1.0,2291,265764.94
2.0,2.0,15431.0,3.0,1.0,2292,493521.47
3.0,2.0,13891.0,3.0,1.0,2293,331713.12
4.0,2.0,13654.0,3.0,1.0,2294,245453.84
2.0,2.0,17169.0,3.0,1.0,2295,413142.25
3.0,2.0,16659.0,2.0,1.0,2296,207926.22
3.0,2.0,9709.0,3.0,1.0,2297,248131.47
3.0,2.0,13615.0,3.0,1.0,2298,345098.28
5.0,2.0,13069.0,3.0,1.0,2299,268981.2
3.0,2.0,14277.0,3.0,1.0,2300,284852.03
3.0,2.0,12568.0,3.0,1.0,2301,329954.22
3.0,2.0,9926.0,3.0,1.0,2302,289184.28
3.0,2.0,9254.0,2.0,1.0,2303,178431.08
3.0,2.0,10732.0,3.0,1.0,2304,289989.47
1.0,1.0,3901.0,2.0,1.0,2305,185274.0
1.0,1.0,3903.0,2.0,1.0,2306,185274.0
2.0,2.0,6289.0,2.0,1.0,2307,168949.97
2.0,2.0,4590.0,2.0,1.0,2308,176920.14
2.0,2.0,7841.0,2.0,1.0,2309,194900.73
2.0,2.0,6240.0,2.0,1.0,2310,168949.97
2.0,2.0,3242.0,2.0,1.0,2311,186772.88
3.0,3.0,15810.0,2.0,1.0,2312,315770.62
3.0,2.0,10237.0,2.0,1.0,2313,191930.52
3.0,2.0,13204.0,2.0,1.0,2314,215863.92
3.0,2.0,8857.0,2.0,1.0,2315,184020.03
3.0,2.0,9729.0,3.0,1.0,2316,248131.47
3.0,2.0,12216.0,2.0,1.0,2317,226680.94
3.0,2.0,8229.0,2.0,1.0,2318,190117.31
3.0,2.0,7713.0,2.0,1.0,2319,174024.42
3.0,2.0,7697.0,2.0,1.0,2320,264746.72
2.0,2.0,3621.0,3.0,1.0,2321,166578.73
2.0,2.0,3710.0,2.0,1.0,2322,194261.14
2.0,2.0,16219.0,2.0,1.0,2323,237610.1
3.0,2.0,11084.0,2.0,1.0,2324,168613.12
3.0,2.0,10936.0,2.0,1.0,2325,248001.06
3.0,2.0,11950.0,2.0,1.0,2326,178558.39
4.0,2.0,7875.0,2.0,1.0,2327,159434.27
4.0,2.0,8740.0,2.0,1.0,2328,226745.14
3.0,2.0,9487.0,2.0,1.0,2329,224080.39
3.0,2.0,9649.0,2.0,1.0,2330,174995.08
4.0,2.0,12191.0,3.0,1.0,2331,368605.66
4.0,2.0,10557.0,3.0,1.0,2332,280291.9
4.0,2.0,11002.0,3.0,1.0,2333,269895.0
4.0,2.0,10790.0,3.0,1.0,2334,293230.1
4.0,2.0,11762.0,2.0,1.0,2335,197898.8
4.0,2.0,9044.0,3.0,1.0,2336,268362.44
3.0,2.0,9910.0,2.0,1.0,2337,187668.58
3.0,2.0,11830.0,3.0,1.0,2338,329934.97
3.0,2.0,10612.0,2.0,1.0,2339,149101.28
1.0,2.0,12291.0,3.0,1.0,2340,356942.8
3.0,3.0,9965.0,2.0,1.0,2341,200631.83
3.0,2.0,8847.0,2.0,1.0,2342,197030.55
3.0,2.0,8251.0,2.0,1.0,2343,192155.12
3.0,2.0,9605.0,3.0,1.0,2344,250646.11
3.0,2.0,8778.0,3.0,1.0,2345,244381.72
3.0,2.0,8640.0,2.0,1.0,2346,213459.48
3.0,2.0,9000.0,2.0,1.0,2347,195659.75
3.0,2.0,8640.0,2.0,1.0,2348,213459.48
3.0,3.0,10411.0,2.0,1.0,2349,212212.31
3.0,2.0,12217.0,3.0,1.0,2350,372253.94
2.0,2.0,10440.0,2.0,1.0,2351,169313.02
2.0,2.0,11824.0,3.0,1.0,2352,379228.28
4.0,2.0,10625.0,3.0,1.0,2353,263392.56
3.0,1.0,7500.0,0.0,1.0,2354,140888.56
3.0,1.0,7500.0,0.0,1.0,2355,140888.56
3.0,1.0,12450.0,2.0,1.0,2356,154101.53
3.0,2.0,7441.0,2.0,1.0,2357,186957.4
3.0,2.0,11613.0,2.0,1.0,2358,186402.36
2.0,1.0,8012.0,1.0,1.0,2359,119102.9
2.0,1.0,6285.0,1.0,1.0,2360,117795.36
3.0,1.0,7476.0,2.0,1.0,2361,146660.03
3.0,2.0,19522.0,2.0,1.0,2362,210408.03
2.0,1.0,10751.0,2.0,1.0,2363,197851.53
2.0,1.0,12712.0,2.0,1.0,2364,146837.94
2.0,2.0,4379.0,2.0,1.0,2365,194023.27
2.0,2.0,3523.0,2.0,1.0,2366,186772.88
2.0,2.0,3784.0,2.0,1.0,2367,194261.14
2.0,2.0,3606.0,2.0,1.0,2368,186772.88
2.0,2.0,5330.0,2.0,1.0,2369,241723.11
3.0,2.0,2280.0,2.0,1.0,2370,157205.34
3.0,2.0,2117.0,2.0,1.0,2371,165966.39
3.0,2.0,7321.0,2.0,1.0,2372,192239.94
3.0,2.0,8010.0,2.0,1.0,2373,203382.7
3.0,2.0,8413.0,2.0,1.0,2374,192381.17
1.0,1.0,9466.0,2.0,1.0,2375,154573.31
3.0,2.0,12000.0,2.0,1.0,2376,220756.69
2.0,2.0,17778.0,2.0,1.0,2377,180211.92
3.0,1.0,11700.0,2.0,1.0,2378,152417.25
4.0,2.0,8000.0,2.0,1.0,2379,176748.81
3.0,1.0,8723.0,2.0,1.0,2380,137923.23
3.0,1.0,11700.0,2.0,1.0,2381,152417.25
3.0,2.0,11358.0,2.0,1.0,2382,177690.73
2.0,2.0,9547.0,2.0,1.0,2383,230036.19
3.0,2.0,10530.0,2.0,1.0,2384,260300.66
3.0,2.0,10738.0,2.0,1.0,2385,207597.14
3.0,1.0,10800.0,1.0,1.0,2386,134835.98
3.0,1.0,8050.0,1.0,1.0,2387,126706.31
2.0,2.0,10899.0,3.0,0.0,2388,193606.86
2.0,1.0,7450.0,2.0,1.0,2389,136938.6
2.0,1.0,14357.0,2.0,1.0,2390,161604.58
3.0,1.0,8243.0,2.0,1.0,2391,138440.66
3.0,1.0,8680.0,1.0,1.0,2392,160239.73
3.0,2.0,8800.0,2.0,1.0,2393,181204.22
3.0,2.0,9200.0,2.0,1.0,2394,216429.0
5.0,2.0,8800.0,2.0,1.0,2395,203797.16
3.0,1.0,11382.0,1.0,1.0,2396,129630.25
3.0,1.0,22002.0,2.0,1.0,2397,185738.23
2.0,1.0,12172.0,2.0,1.0,2398,145595.42
2.0,1.0,5000.0,0.0,0.0,2399,47287.055
2.0,1.0,3500.0,0.0,0.0,2400,55616.496
2.0,1.0,5175.0,1.0,1.0,2401,118556.16
2.0,1.0,9600.0,1.0,1.0,2402,128748.96
4.0,2.0,8668.0,3.0,1.0,2403,247260.89
3.0,2.0,10050.0,2.0,1.0,2404,215647.16
3.0,1.0,9600.0,2.0,1.0,2405,159711.78
2.0,1.0,8760.0,1.0,1.0,2406,121447.234
3.0,1.0,6860.0,1.0,1.0,2407,127366.984
3.0,1.0,8250.0,2.0,1.0,2408,142147.95
3.0,1.0,9100.0,1.0,1.0,2409,129769.32
4.0,1.0,9736.0,2.0,1.0,2410,175536.3
2.0,1.0,9770.0,1.0,1.0,2411,128788.43
3.0,1.0,12198.0,1.0,1.0,2412,142929.03
3.0,1.0,10050.0,1.0,1.0,2413,144681.73
3.0,1.0,11556.0,1.0,1.0,2414,135363.2
4.0,2.0,8078.0,2.0,1.0,2415,188999.6
2.0,1.0,10950.0,2.0,1.0,2416,159706.8
3.0,1.0,7942.0,1.0,1.0,2417,127457.64
3.0,1.0,8540.0,1.0,1.0,2418,138922.42
4.0,1.0,7150.0,1.0,1.0,2419,125004.09
3.0,1.0,8400.0,1.0,1.0,2420,139048.19
3.0,1.0,9532.0,1.0,1.0,2421,123836.09
2.0,1.0,15783.0,1.0,1.0,2422,162186.17
3.0,2.0,14190.0,0.0,1.0,2423,149343.44
3.0,1.0,12099.0,1.0,1.0,2424,151959.62
4.0,3.0,21281.0,3.0,1.0,2425,578514.5
1.0,2.0,10284.0,2.0,1.0,2426,228002.23
3.0,1.0,10800.0,0.0,1.0,2427,112617.81
4.0,2.0,10090.0,1.0,1.0,2428,162051.94
3.0,1.0,8700.0,1.0,1.0,2429,134789.4
3.0,1.0,8300.0,1.0,1.0,2430,93812.28
3.0,1.0,7200.0,1.0,1.0,2431,143232.58
3.0,1.0,7500.0,1.0,1.0,2432,147283.34
3.0,1.0,7315.0,1.0,1.0,2433,141433.1
3.0,1.0,7903.0,1.0,1.0,2434,135482.77
3.0,1.0,8000.0,1.0,1.0,2435,127457.64
3.0,1.0,7000.0,1.0,1.0,2436,123660.41
2.0,1.0,6600.0,1.0,1.0,2437,123608.09
3.0,1.0,6760.0,1.0,1.0,2438,135205.52
2.0,1.0,6978.0,2.0,1.0,2439,114472.3
3.0,1.0,6000.0,2.0,1.0,2440,127760.56
2.0,1.0,4480.0,1.0,0.0,2441,82925.84
2.0,1.0,3153.0,1.0,1.0,2442,110812.17
2.0,1.0,7200.0,2.0,1.0,2443,120409.41
2.0,1.0,9000.0,2.0,1.0,2444,136536.95
3.0,1.0,5925.0,1.0,0.0,2445,66648.81
4.0,2.0,9639.0,2.0,1.0,2446,209146.78
3.0,2.0,10337.0,2.0,0.0,2447,126673.945
4.0,1.0,9863.0,1.0,1.0,2448,125807.76
3.0,1.0,4571.0,2.0,1.0,2449,140426.94
3.0,2.0,8398.0,2.0,1.0,2450,178624.47
3.0,1.0,3600.0,1.0,1.0,2451,128364.2
3.0,2.0,13500.0,2.0,1.0,2452,175681.97
2.0,1.0,8626.0,1.0,1.0,2453,120779.31
1.0,2.0,11800.0,1.0,1.0,2454,157011.25
1.0,1.0,6854.0,1.0,0.0,2455,83417.15
3.0,1.0,8674.0,1.0,1.0,2456,160239.73
3.0,2.0,6125.0,1.0,1.0,2457,102703.61
3.0,1.0,6000.0,1.0,1.0,2458,116748.74
2.0,1.0,6120.0,1.0,1.0,2459,105673.984
3.0,1.0,6240.0,2.0,1.0,2460,123561.19
4.0,1.0,6240.0,1.0,1.0,2461,139777.92
3.0,1.0,6240.0,1.0,1.0,2462,126814.97
2.0,1.0,6120.0,2.0,1.0,2463,114286.97
4.0,2.0,7755.0,1.0,1.0,2464,165830.58
3.0,1.0,8850.0,2.0,1.0,2465,145306.72
4.0,1.0,8550.0,2.0,1.0,2466,168711.98
3.0,1.0,5700.0,2.0,0.0,2467,111366.76
3.0,2.0,5680.0,1.0,0.0,2468,96687.17
2.0,1.0,5680.0,1.0,0.0,2469,113355.35
5.0,3.0,13200.0,2.0,1.0,2470,272610.25
4.0,1.0,9780.0,1.0,1.0,2471,132023.88
3.0,1.0,10320.0,2.0,1.0,2472,143315.86
3.0,2.0,4330.0,2.0,1.0,2473,179622.78
3.0,2.0,10320.0,1.0,1.0,2474,145443.2
3.0,1.0,12888.0,2.0,1.0,2475,152498.28
2.0,1.0,4484.0,1.0,0.0,2476,82925.84
3.0,1.0,11235.0,1.0,1.0,2477,132569.95
2.0,1.0,11235.0,2.0,1.0,2478,148587.77
3.0,1.0,14299.0,2.0,1.0,2479,157151.34
3.0,2.0,14149.0,2.0,1.0,2480,207045.45
3.0,1.0,11677.0,1.0,1.0,2481,134775.06
2.0,1.0,8425.0,2.0,1.0,2482,123406.21
3.0,1.0,8665.0,1.0,1.0,2483,160239.73
2.0,1.0,8398.0,2.0,1.0,2484,107197.62
3.0,1.0,8169.0,1.0,1.0,2485,132130.44
3.0,1.0,14175.0,1.0,1.0,2486,147723.7
4.0,3.0,16779.0,2.0,1.0,2487,299481.38
2.0,1.0,6960.0,1.0,1.0,2488,118137.664
3.0,1.0,11375.0,2.0,1.0,2489,140539.98
3.0,1.0,13770.0,1.0,1.0,2490,142144.58
3.0,1.0,9000.0,2.0,0.0,2491,108138.83
3.0,2.0,11075.0,2.0,1.0,2492,168613.12
3.0,2.0,17541.0,2.0,1.0,2493,231904.55
3.0,2.0,22692.0,2.0,1.0,2494,240933.94
2.0,1.0,17808.0,1.0,0.0,2495,104617.25
4.0,3.0,12671.0,2.0,1.0,2496,339524.2
3.0,1.0,10512.0,1.0,1.0,2497,132799.17
3.0,1.0,5400.0,1.0,1.0,2498,128540.74
3.0,1.0,11515.0,1.0,0.0,2499,94406.0
2.0,2.0,3869.0,1.0,1.0,2500,121594.28
4.0,1.0,9280.0,1.0,1.0,2501,148593.44
4.0,1.0,11100.0,1.0,0.0,2502,111385.72
4.0,2.0,7550.0,1.0,0.0,2503,89242.484
4.0,2.0,23920.0,2.0,1.0,2504,149554.45
3.0,2.0,9317.0,2.0,1.0,2505,194452.47
3.0,2.0,9178.0,3.0,1.0,2506,305847.9
3.0,2.0,10481.0,3.0,1.0,2507,242523.77
3.0,2.0,10235.0,3.0,1.0,2508,268917.44
3.0,2.0,11750.0,3.0,1.0,2509,326018.62
3.0,2.0,8760.0,2.0,1.0,2510,177314.73
2.0,2.0,7242.0,2.0,1.0,2511,186023.84
3.0,2.0,9316.0,2.0,1.0,2512,194452.47
3.0,2.0,8883.0,2.0,1.0,2513,184020.03
0.0,0.0,20064.0,2.0,1.0,2514,250331.56
3.0,1.0,14217.0,2.0,1.0,2515,157151.34
3.0,2.0,10021.0,2.0,1.0,2516,175165.2
3.0,1.0,8428.0,1.0,1.0,2517,137667.34
3.0,1.0,16561.0,1.0,1.0,2518,132122.31
3.0,2.0,10820.0,2.0,1.0,2519,194082.53
3.0,2.0,12352.0,2.0,1.0,2520,187879.83
3.0,2.0,9543.0,2.0,1.0,2521,220117.75
3.0,2.0,8826.0,2.0,1.0,2522,207170.31
3.0,1.0,11800.0,2.0,1.0,2523,158216.25
3.0,2.0,8660.0,2.0,1.0,2524,213459.48
3.0,2.0,9720.0,2.0,1.0,2525,174995.08
3.0,1.0,8982.0,2.0,1.0,2526,135414.16
3.0,1.0,16300.0,1.0,1.0,2527,152741.64
3.0,1.0,9675.0,2.0,1.0,2528,155909.17
3.0,1.0,7200.0,2.0,1.0,2529,130286.14
3.0,1.0,7200.0,2.0,1.0,2530,130286.14
3.0,2.0,11354.0,2.0,1.0,2531,177690.73
3.0,2.0,8749.0,2.0,1.0,2532,194321.42
3.0,2.0,8158.0,2.0,1.0,2533,192321.53
3.0,2.0,11927.0,2.0,1.0,2534,178558.39
4.0,2.0,12728.0,2.0,1.0,2535,206799.28
3.0,2.0,15295.0,2.0,1.0,2536,203712.06
1.0,1.0,17227.0,2.0,1.0,2537,208267.08
3.0,2.0,8145.0,2.0,1.0,2538,192321.53
2.0,2.0,8769.0,2.0,1.0,2539,155093.73
3.0,2.0,8334.0,2.0,1.0,2540,175588.44
3.0,2.0,8333.0,2.0,1.0,2541,175588.44
3.0,2.0,9045.0,2.0,1.0,2542,183788.06
2.0,1.0,9825.0,1.0,1.0,2543,132161.66
2.0,1.0,8308.0,2.0,1.0,2544,101276.625
3.0,1.0,16287.0,2.0,1.0,2545,159995.38
2.0,1.0,8240.0,2.0,1.0,2546,126616.086
3.0,1.0,6285.0,2.0,1.0,2547,123561.19
5.0,2.0,9555.0,2.0,1.0,2548,267969.75
3.0,2.0,7023.0,2.0,1.0,2549,207097.86
2.0,2.0,39290.0,3.0,1.0,2550,442245.88
2.0,1.0,3675.0,2.0,1.0,2551,150116.86
2.0,1.0,6400.0,1.0,1.0,2552,120868.47
2.0,2.0,6882.0,0.0,0.0,2553,82165.15
4.0,2.0,8741.0,0.0,0.0,2554,123882.54
2.0,1.0,10042.0,1.0,1.0,2555,128387.66
2.0,1.0,8172.0,1.0,1.0,2556,113186.234
3.0,1.0,8172.0,2.0,1.0,2557,145593.0
6.0,2.0,10890.0,0.0,0.0,2558,128257.29
3.0,1.0,7223.0,1.0,1.0,2559,143232.58
2.0,2.0,6821.0,1.0,1.0,2560,126898.625
2.0,1.0,4000.0,1.0,1.0,2561,108516.266
3.0,1.0,6720.0,1.0,0.0,2562,105142.414
3.0,1.0,7155.0,1.0,1.0,2563,114028.016
4.0,2.0,7230.0,2.0,1.0,2564,159873.25
2.0,1.0,13108.0,2.0,1.0,2565,155159.6
4.0,2.0,7810.0,1.0,1.0,2566,149097.38
3.0,2.0,6221.0,2.0,1.0,2567,161415.28
3.0,1.0,25485.0,2.0,1.0,2568,206053.31
3.0,2.0,21579.0,2.0,1.0,2569,214673.73
2.0,1.0,1782.0,2.0,1.0,2570,125263.31
4.0,2.0,17871.0,2.0,1.0,2571,188811.28
1.0,1.0,3907.0,2.0,1.0,2572,185274.0
3.0,2.0,20693.0,2.0,1.0,2573,225815.78
2.0,2.0,18044.0,2.0,1.0,2574,180211.92
3.0,1.0,7000.0,2.0,1.0,2575,125595.94
3.0,2.0,7288.0,0.0,1.0,2576,209666.53
3.0,2.0,9060.0,1.4,1.0,2577,144537.08
2.0,1.0,3672.0,1.0,1.0,2578,112140.33
1.0,1.0,11067.0,1.0,1.0,2579,157958.56
4.0,2.0,8250.0,0.0,0.0,2580,101922.44
3.0,1.0,6565.0,2.0,1.0,2581,138677.86
2.0,1.0,6060.0,1.0,1.0,2582,105673.984
2.0,2.0,5568.0,2.0,1.0,2583,328898.84
2.0,2.0,12150.0,2.0,1.0,2584,205042.98
3.0,2.0,10000.0,3.0,1.0,2585,218716.89
1.0,1.0,12864.0,2.0,1.0,2586,242457.14
3.0,2.0,9928.0,2.0,1.0,2587,234777.2
3.0,1.0,8750.0,1.0,1.0,2588,162567.14
2.0,1.0,8410.0,2.0,1.0,2589,123406.21
2.0,2.0,4054.0,2.0,1.0,2590,165333.44
4.0,2.0,19958.0,2.0,1.0,2591,272590.5
3.0,2.0,8368.0,2.0,1.0,2592,175588.44
2.0,2.0,8298.0,2.0,1.0,2593,176386.25
3.0,2.0,10331.0,2.0,1.0,2594,185952.34
2.0,2.0,6718.0,2.0,1.0,2595,200982.12
2.0,2.0,11305.0,3.0,1.0,2596,409728.72
3.0,2.0,7777.0,2.0,1.0,2597,176451.66
5.0,3.0,11800.0,2.0,1.0,2598,229595.4
3.0,2.0,12633.0,3.0,1.0,2599,311184.06
2.0,1.0,43500.0,4.0,1.0,2600,296568.66
0.0,0.0,6710.0,2.0,1.0,2601,296980.53
3.0,1.0,1504.0,1.0,1.0,2602,102526.0
2.0,1.0,1533.0,1.0,1.0,2603,91219.21
3.0,1.0,1495.0,0.0,1.0,2604,96899.49
3.0,1.0,1890.0,1.0,1.0,2605,96641.914
1.0,1.0,9129.0,2.0,1.0,2606,166078.56
3.0,2.0,15957.0,2.0,1.0,2607,214603.2
3.0,1.0,33983.0,2.0,1.0,2608,198524.19
3.0,1.0,8286.0,2.0,1.0,2609,108468.17
2.0,1.0,6723.0,0.0,1.0,2610,113365.016
3.0,1.0,27697.0,1.0,0.0,2611,108887.65
3.0,1.0,11000.0,2.0,1.0,2612,163619.56
2.0,1.0,11625.0,1.0,1.0,2613,144374.03
3.0,1.0,10447.0,1.0,1.0,2614,131044.89
2.0,2.0,11027.0,2.0,1.0,2615,248744.84
2.0,1.0,10533.0,1.0,1.0,2616,123535.05
3.0,1.0,11765.0,3.0,1.0,2617,200871.83
1.0,1.0,39384.0,2.0,1.0,2618,220671.52
3.0,2.0,11727.0,2.0,1.0,2619,191434.94
3.0,2.0,8238.0,2.0,1.0,2620,190117.31
3.0,2.0,13041.0,2.0,1.0,2621,200008.8
3.0,2.0,9783.0,2.0,1.0,2622,192244.86
4.0,2.0,13128.0,2.0,1.0,2623,230001.6
3.0,2.0,13751.0,3.0,1.0,2624,281442.3
4.0,2.0,13108.0,2.0,1.0,2625,212150.45
3.0,2.0,8076.0,2.0,1.0,2626,199234.27
2.0,2.0,3701.0,2.0,1.0,2627,194261.14
3.0,3.0,16023.0,3.0,1.0,2628,265654.3
5.0,3.0,18062.0,3.0,1.0,2629,469575.03
4.0,2.0,12292.0,3.0,1.0,2630,324232.28
4.0,2.0,16052.0,3.0,1.0,2631,475078.94
4.0,3.0,15922.0,3.0,1.0,2632,464918.25
2.0,2.0,8147.0,2.0,1.0,2633,223689.3
3.0,2.0,18261.0,3.0,1.0,2634,255295.11
2.0,1.0,10464.0,2.0,1.0,2635,110915.8
4.0,2.0,10530.0,2.0,1.0,2636,229120.52
2.0,1.0,9927.0,2.0,1.0,2637,142895.4
3.0,2.0,9512.0,2.0,1.0,2638,220117.75
3.0,3.0,10530.0,2.0,1.0,2639,302568.9
3.0,2.0,10000.0,2.0,1.0,2640,183424.14
3.0,1.0,7200.0,2.0,1.0,2641,130286.14
2.0,2.0,8773.0,2.0,1.0,2642,155093.73
3.0,1.0,2760.0,2.0,1.0,2643,138991.8
3.0,1.0,2160.0,2.0,1.0,2644,118565.46
3.0,1.0,1890.0,1.0,1.0,2645,96641.914
2.0,1.0,1680.0,1.0,1.0,2646,93982.234
3.0,1.0,1680.0,1.0,1.0,2647,102375.41
2.0,2.0,4043.0,2.0,1.0,2648,165333.44
3.0,1.0,7514.0,1.0,1.0,2649,147283.34
2.0,2.0,2280.0,1.0,1.0,2650,108367.9
3.0,2.0,2179.0,2.0,1.0,2651,165966.39
4.0,2.0,16387.0,3.0,1.0,2652,428536.38
2.0,2.0,16163.0,3.0,1.0,2653,470194.3
4.0,2.0,12228.0,3.0,1.0,2654,324232.28
2.0,2.0,14780.0,3.0,1.0,2655,343729.22
4.0,2.0,13975.0,3.0,1.0,2656,322237.06
3.0,2.0,9942.0,2.0,1.0,2657,198967.03
3.0,2.0,12867.0,2.0,1.0,2658,200008.8
4.0,2.0,10672.0,3.0,1.0,2659,263392.56
4.0,2.0,11643.0,3.0,1.0,2660,275242.75
2.0,2.0,13758.0,3.0,1.0,2661,307699.1
2.0,2.0,14828.0,3.0,1.0,2662,377459.5
3.0,2.0,13215.0,3.0,1.0,2663,353862.25
2.0,2.0,5911.0,2.0,1.0,2664,156663.58
1.0,2.0,7740.0,3.0,1.0,2665,238028.34
2.0,2.0,6373.0,2.0,1.0,2666,208721.62
3.0,2.0,10237.0,2.0,1.0,2667,191930.52
3.0,2.0,10237.0,2.0,1.0,2668,191930.52
3.0,2.0,11660.0,2.0,1.0,2669,191434.94
4.0,2.0,11631.0,3.0,1.0,2670,242311.94
3.0,2.0,9073.0,2.0,1.0,2671,183788.06
2.0,2.0,3087.0,2.0,1.0,2672,179390.05
2.0,2.0,2938.0,2.0,1.0,2673,176636.75
2.0,2.0,3072.0,2.0,1.0,2674,179390.05
2.0,2.0,3010.0,2.0,1.0,2675,179390.05
3.0,2.0,9171.0,2.0,1.0,2676,207253.92
3.0,2.0,8658.0,2.0,1.0,2677,213459.48
4.0,3.0,12104.0,3.0,1.0,2678,366563.12
3.0,2.0,9660.0,3.0,1.0,2679,248131.47
3.0,2.0,9545.0,3.0,1.0,2680,283895.66
4.0,2.0,9233.0,3.0,1.0,2681,272949.6
4.0,2.0,10019.0,3.0,1.0,2682,254572.27
4.0,3.0,17242.0,3.0,1.0,2683,487074.22
4.0,2.0,10236.0,3.0,1.0,2684,278999.9
3.0,2.0,12585.0,3.0,1.0,2685,329954.22
3.0,2.0,12447.0,2.0,1.0,2686,217769.7
2.0,2.0,15218.0,3.0,1.0,2687,451896.97
3.0,2.0,10936.0,2.0,1.0,2688,248001.06
2.0,2.0,8640.0,2.0,1.0,2689,212010.16
3.0,3.0,13162.0,3.0,1.0,2690,333406.0
3.0,2.0,8125.0,2.0,1.0,2691,192321.53
3.0,1.0,7733.0,0.0,1.0,2692,88550.375
3.0,2.0,11024.0,2.0,1.0,2693,205729.19
3.0,1.0,13072.0,0.0,1.0,2694,111844.22
3.0,2.0,7800.0,2.0,1.0,2695,180894.39
3.0,2.0,7632.0,2.0,1.0,2696,173505.8
3.0,2.0,8304.0,2.0,1.0,2697,175588.44
3.0,2.0,9370.0,2.0,1.0,2698,217131.55
2.0,2.0,7175.0,2.0,1.0,2699,189428.8
2.0,2.0,7175.0,2.0,1.0,2700,189428.8
3.0,2.0,9019.0,2.0,1.0,2701,206977.36
3.0,1.0,9100.0,2.0,1.0,2702,149139.33
4.0,2.0,8927.0,2.0,1.0,2703,209209.25
2.0,1.0,9240.0,2.0,1.0,2704,140928.89
3.0,1.0,9308.0,1.0,1.0,2705,137409.2
3.0,1.0,8450.0,1.0,1.0,2706,137667.34
2.0,1.0,8638.0,2.0,1.0,2707,134681.66
3.0,1.0,13052.0,1.0,1.0,2708,160326.6
3.0,1.0,8020.0,0.0,0.0,2709,116552.484
3.0,1.0,8789.0,1.0,1.0,2710,145563.89
3.0,2.0,14330.0,2.0,1.0,2711,203227.55
3.0,2.0,11025.0,3.0,1.0,2712,282473.97
1.0,1.0,3628.0,2.0,1.0,2713,150666.45
2.0,2.0,2544.0,2.0,1.0,2714,160456.39
2.0,2.0,2998.0,2.0,1.0,2715,176636.75
2.0,2.0,4447.0,2.0,1.0,2716,177856.38
3.0,2.0,8314.0,1.0,1.0,2717,136449.67
3.0,2.0,7180.0,2.0,1.0,2718,180116.02
2.0,2.0,13110.0,2.0,1.0,2719,221101.77
3.0,2.0,10140.0,2.0,1.0,2720,196115.77
3.0,1.0,9600.0,2.0,1.0,2721,159711.78
4.0,1.0,8640.0,2.0,1.0,2722,184061.06
2.0,1.0,9360.0,2.0,1.0,2723,180807.95
3.0,1.0,8400.0,1.0,1.0,2724,139048.19
3.0,1.0,9759.0,1.0,1.0,2725,130424.586
3.0,1.0,9600.0,1.0,1.0,2726,134902.05
3.0,2.0,8800.0,1.0,1.0,2727,166162.44
3.0,1.0,10368.0,2.0,1.0,2728,136443.7
4.0,1.0,9350.0,2.0,1.0,2729,196170.95
3.0,1.0,10800.0,1.0,1.0,2730,134835.98
2.0,1.0,8550.0,1.0,1.0,2731,117435.29
2.0,1.0,9724.0,1.0,1.0,2732,133862.86
3.0,1.0,9600.0,2.0,1.0,2733,159711.78
2.0,1.0,10858.0,1.0,1.0,2734,112225.914
3.0,1.0,9600.0,1.0,1.0,2735,134902.05
3.0,1.0,9462.0,1.0,1.0,2736,132081.12
2.0,1.0,9888.0,1.0,1.0,2737,127007.016
4.0,2.0,8917.0,2.0,1.0,2738,207603.48
3.0,1.0,12700.0,2.0,1.0,2739,129200.45
2.0,1.0,9723.0,2.0,1.0,2740,144333.34
3.0,1.0,8400.0,1.0,1.0,2741,139048.19
3.0,1.0,9610.0,2.0,1.0,2742,159711.78
3.0,1.0,10000.0,1.0,1.0,2743,138445.73
3.0,1.0,10152.0,1.0,1.0,2744,131349.1
3.0,1.0,8092.0,1.0,1.0,2745,128042.984
2.0,1.0,12778.0,1.0,1.0,2746,142181.9
2.0,1.0,10170.0,2.0,1.0,2747,139266.03
3.0,1.0,7700.0,2.0,1.0,2748,127103.53
2.0,1.0,11050.0,1.0,1.0,2749,132790.55
3.0,1.0,13600.0,1.0,1.0,2750,146182.89
2.0,1.0,15428.0,1.0,1.0,2751,165225.38
3.0,1.0,21299.0,3.0,1.0,2752,185786.0
2.0,1.0,13300.0,2.0,1.0,2753,181107.31
5.0,2.0,22136.0,3.0,1.0,2754,397012.62
3.0,1.0,7500.0,2.0,1.0,2755,155685.89
2.0,1.0,10410.0,1.0,1.0,2756,126789.586
2.0,1.0,10914.0,2.0,0.0,2757,162893.73
1.0,1.0,7008.0,1.0,1.0,2758,120104.086
3.0,2.0,7200.0,2.0,1.0,2759,179641.25
4.0,1.0,10818.0,2.0,1.0,2760,170105.77
3.0,1.0,10184.0,1.0,1.0,2761,138151.62
3.0,1.0,9510.0,1.0,1.0,2762,123836.09
3.0,2.0,10800.0,2.0,1.0,2763,194082.53
2.0,2.0,11650.0,2.0,1.0,2764,194074.27
3.0,3.0,18275.0,2.0,1.0,2765,242085.33
3.0,1.0,12144.0,1.0,1.0,2766,144437.23
2.0,2.0,8544.0,2.0,0.0,2767,90172.09
4.0,2.0,8512.0,0.0,1.0,2768,132093.45
3.0,1.0,7000.0,1.0,1.0,2769,123660.41
3.0,1.0,7400.0,2.0,1.0,2770,150726.33
3.0,1.0,7000.0,1.0,1.0,2771,123660.41
3.0,1.0,7000.0,0.0,1.0,2772,123558.13
5.0,2.0,9856.0,2.0,1.0,2773,213130.62
3.0,1.0,9600.0,1.0,1.0,2774,134902.05
4.0,1.0,5520.0,1.0,0.0,2775,128388.87
3.0,1.0,9600.0,2.0,1.0,2776,159711.78
4.0,1.0,6451.0,2.0,1.0,2777,144738.2
2.0,1.0,3960.0,1.0,0.0,2778,85191.9
4.0,2.0,7745.0,2.0,0.0,2779,109247.8
2.0,1.0,7741.0,1.0,0.0,2780,64859.195
2.0,1.0,5633.0,1.0,1.0,2781,117271.55
2.0,1.0,7200.0,1.0,1.0,2782,120215.12
2.0,1.0,7614.0,1.0,1.0,2783,121452.22
3.0,1.0,6000.0,2.0,1.0,2784,127760.56
5.0,1.0,6000.0,2.0,1.0,2785,138907.94
1.0,1.0,7830.0,1.0,1.0,2786,119840.47
3.0,1.0,9576.0,1.0,1.0,2787,107731.36
2.0,1.0,5747.0,1.0,1.0,2788,117271.55
5.0,2.0,6300.0,2.0,1.0,2789,168488.97
2.0,2.0,5976.0,0.0,0.0,2790,52777.25
3.0,1.0,9750.0,2.0,1.0,2791,152546.19
2.0,1.0,4761.0,0.0,0.0,2792,42539.54
2.0,1.0,11737.0,1.0,0.0,2793,99889.68
3.0,1.0,6120.0,1.0,1.0,2794,112283.01
3.0,1.0,6120.0,1.0,1.0,2795,112283.01
2.0,1.0,11672.0,1.0,1.0,2796,131578.53
5.0,2.0,33120.0,2.0,1.0,2797,204159.16
3.0,2.0,10320.0,2.0,1.0,2798,185952.34
3.0,1.0,7518.0,1.0,1.0,2799,147283.34
2.0,1.0,9000.0,0.0,0.0,2800,64054.12
3.0,1.0,7200.0,1.0,1.0,2801,143232.58
3.0,1.0,12375.0,1.0,1.0,2802,136891.39
4.0,2.0,11136.0,2.0,1.0,2803,188708.61
3.0,1.0,21370.0,2.0,1.0,2804,162796.78
2.0,1.0,8250.0,1.0,0.0,2805,66611.78
2.0,1.0,5220.0,1.0,1.0,2806,118556.16
2.0,2.0,5500.0,1.0,1.0,2807,177563.23
3.0,1.0,11327.0,2.0,1.0,2808,140539.98
2.0,1.0,10366.0,1.0,1.0,2809,131201.7
3.0,1.0,9000.0,1.0,1.0,2810,128570.3
3.0,1.0,9535.0,2.0,1.0,2811,157413.45
3.0,1.0,7176.0,2.0,1.0,2812,128059.734
6.0,2.0,9662.0,2.0,1.0,2813,154883.75
6.0,2.0,8235.0,2.0,1.0,2814,120486.69
2.0,1.0,17529.0,1.0,0.0,2815,95839.0
2.0,1.0,20355.0,2.0,1.0,2816,189108.4
1.0,1.0,13050.0,2.0,1.0,2817,234071.94
2.0,1.0,10820.0,2.0,1.0,2818,129300.28
2.0,2.0,1700.0,1.0,1.0,2819,106112.76
3.0,1.0,9375.0,2.0,1.0,2820,175054.23
3.0,1.0,6488.0,1.0,0.0,2821,85150.07
4.0,2.0,19950.0,3.0,1.0,2822,463215.53
5.0,3.0,19800.0,2.0,1.0,2823,312287.88
3.0,2.0,11679.0,2.0,1.0,2824,191434.94
3.0,1.0,12048.0,2.0,1.0,2825,172482.89
3.0,1.0,10519.0,1.0,1.0,2826,132799.17
5.0,1.0,9525.0,1.0,1.0,2827,138856.55
4.0,2.0,12128.0,2.0,1.0,2828,215025.19
2.0,2.0,9069.0,4.0,1.0,2829,261470.97
3.0,2.0,11003.0,3.0,1.0,2830,282473.97
2.0,2.0,7488.0,2.0,1.0,2831,192527.42
3.0,2.0,13377.0,2.0,1.0,2832,203302.5
2.0,2.0,11645.0,3.0,1.0,2833,345042.1
3.0,2.0,10984.0,2.0,1.0,2834,156760.92
3.0,2.0,9316.0,2.0,1.0,2835,194452.47
3.0,2.0,9316.0,2.0,1.0,2836,194452.47
3.0,2.0,12000.0,2.0,1.0,2837,220756.69
3.0,1.0,13015.0,2.0,1.0,2838,152498.28
3.0,2.0,12438.0,2.0,1.0,2839,217769.7
3.0,2.0,8685.0,2.0,1.0,2840,213459.48
3.0,2.0,9272.0,2.0,1.0,2841,193896.55
3.0,2.0,13426.0,2.0,1.0,2842,203302.5
3.0,1.0,8340.0,1.0,1.0,2843,93812.28
3.0,2.0,10385.0,3.0,1.0,2844,247101.56
3.0,1.0,7200.0,1.0,1.0,2845,143232.58
3.0,2.0,9930.0,2.0,1.0,2846,234777.2
3.0,2.0,9468.0,2.0,1.0,2847,224080.39
1.0,1.0,11088.0,2.0,1.0,2848,208671.31
4.0,2.0,8726.0,2.0,1.0,2849,193981.02
3.0,2.0,10566.0,3.0,1.0,2850,307299.1
4.0,2.0,21533.0,2.0,1.0,2851,220828.58
3.0,2.0,11250.0,3.0,1.0,2852,290624.88
4.0,2.0,11250.0,2.0,1.0,2853,233658.28
1.0,1.0,4435.0,2.0,1.0,2854,136562.67
3.0,2.0,8810.0,2.0,1.0,2855,181204.22
3.0,2.0,8581.0,2.0,1.0,2856,170884.78
3.0,2.0,8400.0,2.0,1.0,2857,196361.19
3.0,2.0,8772.0,2.0,1.0,2858,177314.73
3.0,2.0,8777.0,2.0,1.0,2859,178995.89
4.0,2.0,7840.0,0.0,1.0,2860,125536.1
2.0,1.0,16133.0,1.0,1.0,2861,176127.39
3.0,2.0,7162.0,2.0,1.0,2862,177725.73
2.0,1.0,8050.0,0.0,1.0,2863,104689.62
3.0,2.0,11060.0,2.0,1.0,2864,168613.12
2.0,1.0,3675.0,2.0,1.0,2865,150116.86
3.0,2.0,2522.0,2.0,1.0,2866,140662.98
3.0,1.0,6956.0,1.0,1.0,2867,126891.16
3.0,2.0,7822.0,2.0,1.0,2868,182198.66
4.0,1.0,8707.0,1.0,0.0,2869,134246.81
3.0,2.0,16012.0,2.0,1.0,2870,214603.2
3.0,1.0,8248.0,0.0,0.0,2871,115214.84
1.0,1.0,8088.0,1.0,0.0,2872,65493.855
3.0,1.0,11388.0,1.0,0.0,2873,96809.91
3.0,2.0,10890.0,1.0,1.0,2874,179472.94
3.0,1.0,6430.0,1.0,0.0,2875,85150.07
3.0,1.0,7000.0,1.0,1.0,2876,123660.41
3.0,1.0,4899.0,1.0,1.0,2877,118585.32
4.0,1.0,9399.0,1.0,1.0,2878,147932.6
3.0,2.0,10164.0,1.0,1.0,2879,148256.8
4.0,1.0,6191.0,1.0,0.0,2880,122513.54
3.0,1.0,21780.0,1.0,1.0,2881,157437.95
2.0,1.0,12400.0,1.0,1.0,2882,135057.44
4.0,2.0,8170.0,2.0,1.0,2883,158735.27
3.0,1.0,12320.0,3.0,1.0,2884,181442.78
3.0,1.0,14210.0,2.0,1.0,2885,169493.53
4.0,2.0,15600.0,1.0,1.0,2886,173715.02
2.0,1.0,7288.0,1.0,0.0,2887,75364.92
3.0,1.0,7000.0,2.0,1.0,2888,125595.94
2.0,1.0,8534.0,0.0,0.0,2889,75789.875
2.0,1.0,7030.0,1.0,1.0,2890,134147.78
4.0,2.0,9060.0,1.0,1.0,2891,228446.77
2.0,1.0,12366.0,0.0,0.0,2892,66855.76
4.0,2.0,9000.0,0.0,0.0,2893,119101.36
2.0,1.0,8520.0,0.0,0.0,2894,74781.53
2.0,2.0,5748.0,2.0,1.0,2895,280202.8
2.0,2.0,3842.0,2.0,1.0,2896,194261.14
3.0,2.0,23580.0,2.0,1.0,2897,240933.94
4.0,2.0,8385.0,2.0,1.0,2898,147690.61
3.0,2.0,9116.0,2.0,1.0,2899,194858.98
3.0,2.0,11080.0,2.0,1.0,2900,168613.12
2.0,1.0,50102.0,2.0,1.0,2901,254774.14
2.0,2.0,8098.0,2.0,1.0,2902,304608.16
3.0,2.0,13618.0,3.0,1.0,2903,345098.28
3.0,2.0,11577.0,3.0,1.0,2904,306982.4
3.0,1.0,31250.0,1.0,1.0,2905,152213.34
2.0,2.0,7020.0,4.0,1.0,2906,236739.12
3.0,1.0,2665.0,1.0,1.0,2907,132344.92
3.0,1.0,10172.0,1.0,1.0,2908,131349.1
4.0,2.0,11836.0,3.0,1.0,2909,296520.22
1.0,1.0,1470.0,0.0,1.0,2910,77132.81
3.0,1.0,1484.0,1.0,1.0,2911,102526.0
3.0,1.0,13384.0,1.0,1.0,2912,158015.52
3.0,1.0,1533.0,1.0,1.0,2913,102526.0
3.0,1.0,1526.0,0.0,1.0,2914,96899.49
3.0,1.0,1936.0,0.0,1.0,2915,85844.78
3.0,1.0,1894.0,1.0,1.0,2916,96641.914
4.0,1.0,20000.0,2.0,1.0,2917,221944.48
3.0,1.0,10441.0,0.0,1.0,2918,113007.89
3.0,2.0,9627.0,3.0,1.0,2919,250646.11
